CONNECTION_ID,USERNAME1,USERNAME2,CONNECTED_SINCE_DATE,SOCIAL_MEDIA_PLATFORM
MHKQ0767,manted711,schambergerb759,Thu Jan 31 12:36:14 EST 2019,Reddit
IOGO5783,kassulkem42,abernathyl666,Sun Oct 28 08:10:55 EDT 2018,WhatsApp
WSKV7273,robelh803,terrym425,Mon Jun 16 00:51:35 EDT 2014,WeChat
OSOY2083,gaylordm784,kshlerinf387,Tue Nov 14 15:05:05 EST 2017,Twitch
LTSN5759,brekkeh960,barrowsa668,Fri Nov 21 17:16:20 EST 2014,Pintrest
CDKH3515,nienowk740,gaylordm784,Thu Aug 22 10:42:57 EDT 2013,Twitter
YEFM8977,schroedero883,kihnc793,Fri Nov 19 09:57:11 EST 2021,WeChat
VCLV8896,walkerj539,beattyl535,Mon May 08 16:43:48 EDT 2023,YouTube
NTDD3233,flatleyc206,schowalterd783,Fri Jan 03 12:01:30 EST 2020,Twitch
QENF5992,schneiderr741,murraym627,Thu Jul 16 16:50:37 EDT 2015,LinkedIn
RPPH2473,bechtelars317,yostv682,Sun Jun 05 19:03:59 EDT 2022,LinkedIn
DMXA5163,corwina78,moored286,Thu Aug 19 09:19:42 EDT 2021,LinkedIn
YPZO7738,emardb954,weimannr918,Mon Jun 30 06:37:56 EDT 2014,TikTok
FIOZ5572,cassinj511,mclaughlinc325,Sat Jun 03 22:04:54 EDT 2017,WhatsApp
HAAT5071,kiehni320,dickih324,Sun Jul 08 10:23:54 EDT 2018,Pintrest
GNCV3567,walkerk60,wisozka882,Wed Mar 30 21:23:25 EDT 2022,YouTube
NYMP6880,kihne423,kuhnj689,Sat Nov 02 03:21:53 EDT 2013,Instagram
NIBC6207,connellys261,harrise476,Thu Dec 18 21:31:56 EST 2014,WeChat
AQPY0418,johnstonr971,hoegerg918,Mon Dec 11 14:41:14 EST 2017,TikTok
AILT7107,wardv51,durganr751,Tue Nov 15 19:41:16 EST 2022,Reddit
UQZN7194,schmeleri301,strackeb254,Fri Nov 06 20:03:30 EST 2015,Reddit
ZCYY3356,moorer825,rippini60,Mon Nov 04 17:04:38 EST 2019,Twitter
AEGU6718,jacobit270,stehrc771,Wed Oct 26 22:55:56 EDT 2016,Twitch
GSHP5525,greenr39,beahana554,Tue Dec 16 10:07:52 EST 2014,YouTube
LIHR4814,johnsonc344,dickih324,Sat Dec 23 01:41:39 EST 2017,Snapchat
CSPH9807,davisv209,runtea547,Fri Aug 02 20:47:05 EDT 2019,Discord
NYNY2702,aufderhard683,pagace400,Thu Nov 18 12:54:30 EST 2021,Snapchat
IKKE5098,kesslerv327,o'konf785,Fri Jun 30 07:24:05 EDT 2023,WeChat
BQUO3218,kautzerf316,glovert532,Thu Apr 25 12:34:23 EDT 2019,Snapchat
NBAT7465,bahringerd155,mcglynng144,Sat Jul 27 19:45:18 EDT 2013,Instagram
MJNM6944,durganc332,ziemannm316,Wed Mar 01 01:05:39 EST 2017,WeChat
DRIQ2371,ebertt430,wisozkc255,Sat Mar 01 14:54:12 EST 2014,TikTok
DJTK9149,connellyk565,kunden732,Sun Mar 25 08:43:52 EDT 2018,Instagram
QTLP3762,hermistonj187,kautzerb241,Fri Aug 31 14:20:19 EDT 2018,Instagram
RHRV6223,gottliebc516,runtea547,Mon Oct 24 20:07:52 EDT 2022,Discord
MIKW8275,mcdermotte255,hermannh95,Thu May 03 13:39:29 EDT 2018,Instagram
ASMT1017,hermistonr927,kesslers890,Thu Feb 01 06:15:26 EST 2018,YouTube
AWUU0702,kochs88,colek228,Sat Nov 23 21:18:56 EST 2019,Telegram
BEXQ3048,kihna264,howet631,Wed Jun 20 20:20:51 EDT 2018,Twitter
IMGM8293,rempelc95,weissnatk845,Tue Oct 23 23:52:23 EDT 2018,Reddit
OJBP0411,stehrc771,cartert356,Wed Sep 19 02:44:41 EDT 2018,Twitch
SPUG5499,beierb436,hilllw260,Fri Apr 07 05:05:17 EDT 2023,Pintrest
LHVO8586,cormiera165,walterm431,Mon Feb 11 00:19:52 EST 2019,TikTok
SDXZ2837,mcdermotte255,adamsr277,Sat Dec 12 07:02:53 EST 2020,WeChat
INAP1749,schroederj493,kihne423,Sun Nov 10 21:50:27 EST 2013,Instagram
EQJI7419,hayesa324,champling497,Sat Feb 24 20:38:39 EST 2018,Twitter
FUBU1359,sporerl128,leschc509,Tue Oct 27 00:22:55 EDT 2015,LinkedIn
KJKK1800,powlowskil434,bartella328,Sun Jan 07 16:18:13 EST 2018,Instagram
RXNM0002,rutherfordt790,fisherf19,Sun May 28 12:47:04 EDT 2023,LinkedIn
DJBZ8215,johnst248,hyattj539,Sun Jul 29 23:13:45 EDT 2018,Facebook
JVAQ2283,mcdermotte255,pouroso334,Mon Feb 09 05:39:37 EST 2015,Twitter
MVVF0269,donnellyj355,haleyr605,Thu Mar 09 23:53:46 EST 2023,TikTok
SKKC8013,gerlachs976,okunevat791,Wed Sep 20 09:48:18 EDT 2017,Discord
BYCU5065,sauerk504,nolanc977,Tue Jun 01 20:30:57 EDT 2021,Instagram
NFIX0858,kulasp848,wolffr431,Sun Mar 19 20:17:28 EDT 2023,Pintrest
ILGB4321,langoshc322,jacobsonj168,Tue Aug 13 09:22:27 EDT 2013,Snapchat
XGOS0871,corkeryz648,sporers755,Sun Dec 04 03:35:36 EST 2022,Telegram
HNPJ0919,o'konf785,kihnf98,Tue May 09 21:26:04 EDT 2023,Facebook
JZXE7423,kiehni320,jacobit270,Sun Aug 16 22:21:53 EDT 2015,Discord
KNQU9206,mantew492,beckere497,Sat Dec 21 15:25:34 EST 2013,Instagram
AGCZ2334,tillmand734,metzr640,Sun Jul 09 08:53:00 EDT 2017,Snapchat
VHBK4126,murphyi390,prosaccoa501,Mon Sep 19 20:49:09 EDT 2022,WhatsApp
HLNQ4972,schmeleri301,larsonb137,Sat May 17 15:16:18 EDT 2014,Twitter
QGJA5535,prosaccoa501,swifts874,Mon Jul 20 16:02:07 EDT 2015,Discord
XMMS6055,kuhlmank278,christiansena891,Mon Dec 26 08:31:43 EST 2016,Telegram
GWQM1882,larsonm843,grahaml294,Fri Sep 25 15:22:21 EDT 2020,LinkedIn
MYYC9872,armstrongw876,kihne824,Mon Apr 21 22:16:41 EDT 2014,Twitter
AWPS1132,greena899,polliche465,Mon Apr 18 22:45:42 EDT 2022,Pintrest
LSQL1445,koeppm741,kirlinj225,Thu Jun 17 09:07:43 EDT 2021,LinkedIn
FIHP4829,mannk702,hackettm378,Fri Jan 23 21:20:02 EST 2015,WhatsApp
ZCNW6299,leschc738,weste896,Sun Jun 28 15:00:09 EDT 2015,Telegram
BJDH6075,pagach216,schmidtm490,Wed Nov 02 00:41:44 EDT 2022,Facebook
VCPO7610,paucekp292,turcottew90,Mon Oct 28 20:48:22 EDT 2019,Snapchat
NFPU3972,emardb182,rathw599,Sun Dec 22 12:59:12 EST 2013,TikTok
YMFW4908,metzr640,kassulkeb148,Sun Aug 18 00:42:34 EDT 2013,WeChat
ZZKL0487,reingerg52,heathcoted22,Fri Nov 11 10:03:59 EST 2016,WeChat
JVHG6559,hintzk867,feestc641,Sat Sep 21 16:20:22 EDT 2019,Pintrest
BMTS2802,brakusl307,krisb508,Sun Nov 22 20:46:14 EST 2015,Instagram
OVNW1838,dubuquec806,denesikg128,Fri May 19 21:05:27 EDT 2017,TikTok
NRQD9243,mitchells47,erdmanl21,Sun Oct 25 20:17:01 EDT 2015,WeChat
UWMF8469,kassulked891,krisc75,Sat Dec 05 20:32:35 EST 2015,TikTok
QDRT8779,heathcoter559,beattyc565,Thu Jul 21 08:48:33 EDT 2016,Twitter
MZGX9686,strackeb613,hermant178,Tue Jun 11 22:05:44 EDT 2019,Twitter
OJSQ0854,sawayne348,reynoldsq722,Tue Oct 18 04:40:10 EDT 2016,Facebook
BHRK2775,heathcotea43,corwina78,Sun Aug 27 04:41:20 EDT 2017,YouTube
AXYY4601,dietrichf919,stoltenbergr357,Fri Mar 04 02:23:58 EST 2022,Snapchat
MLLE0305,leschc738,johnsa271,Fri Jan 27 19:37:38 EST 2017,WeChat
TTYN8457,schambergerl165,wizai67,Tue Oct 02 20:12:59 EDT 2018,Instagram
YZXO2037,willmsp761,oberbrunnerd722,Sun Jul 27 09:16:01 EDT 2014,Telegram
AYJD3165,goldnerc226,kuvalisb395,Sat Sep 20 20:45:31 EDT 2014,WeChat
OWMC1138,reillyc799,aufderharb462,Sat Jun 28 10:13:36 EDT 2014,LinkedIn
DDYY2991,windlerb526,schmittv290,Sat May 13 16:08:31 EDT 2017,Facebook
HHGL2623,corkeryz648,metzj923,Tue May 03 00:21:52 EDT 2016,Discord
FLIS1302,reingerg52,starks464,Mon Oct 05 19:04:56 EDT 2020,Twitch
MSTQ0910,gottliebc516,herzogk542,Sat May 02 01:13:57 EDT 2015,TikTok
HWMF9749,ferryd126,hueld517,Sat Nov 20 16:56:10 EST 2021,WhatsApp
BVBV3924,wizai67,russelj781,Sat Oct 28 02:51:22 EDT 2017,Twitter
JHNV9875,stiedemannc453,willmsa531,Sat Aug 27 14:03:22 EDT 2022,WeChat
EPVC1079,manted711,kertzmanne150,Tue Jan 14 14:56:16 EST 2014,LinkedIn
RYUM7545,doyles746,jacobsonl270,Mon Jan 10 23:25:54 EST 2022,Twitter
SCJS3653,klockol769,d'amorei790,Tue May 26 02:00:17 EDT 2020,WhatsApp
RSOV8615,naderm456,corkerye552,Thu Sep 02 05:58:52 EDT 2021,Snapchat
HOMK2109,labadied525,purdyn598,Wed Jan 15 18:40:32 EST 2020,Pintrest
VQLS8186,jakubowskiw425,kuhnj689,Fri Jan 26 07:13:27 EST 2018,LinkedIn
ICYK3050,bartoni873,rogahni716,Tue Jan 31 04:29:29 EST 2023,Twitch
AWQN3231,lebsackj31,cruickshankl770,Sun Jul 19 02:34:22 EDT 2020,Snapchat
GLZS7361,hirthea88,gloveri684,Sat Aug 02 04:30:10 EDT 2014,Twitch
WBRT3345,oberbrunnerm754,ziemannm316,Fri Jul 23 03:59:49 EDT 2021,Instagram
VJXN3777,jonesr76,gradyn371,Sat Nov 04 06:36:43 EDT 2017,Instagram
GQFU1770,boganr504,abbottk347,Thu Jan 30 04:49:58 EST 2014,Reddit
GTBE6544,hintzk867,emardk935,Wed Jul 08 13:32:24 EDT 2020,Facebook
YDVV8751,larsoni708,denesikg128,Mon Apr 20 01:25:40 EDT 2020,TikTok
ACKX6064,hackettm378,wymanm17,Wed Aug 20 06:57:09 EDT 2014,WeChat
CNAD2946,gislasonf964,klockod197,Sat Jul 23 14:45:46 EDT 2016,Instagram
AXQX8145,krisk812,bartellg962,Mon Mar 09 08:34:32 EDT 2015,WeChat
OGEU1090,purdyj343,kuvalisb395,Fri Jul 01 02:12:43 EDT 2022,Twitch
BUSE5838,kochs88,stammc133,Sat Sep 20 18:03:14 EDT 2014,LinkedIn
ACSF0283,bradtkel888,carterm589,Sun Feb 27 04:50:24 EST 2022,Telegram
HAKI8948,stehrl306,doylej720,Sun Aug 05 07:06:46 EDT 2018,YouTube
AJUZ0121,strosind694,goyettel319,Fri Aug 22 10:18:59 EDT 2014,YouTube
IOGQ1889,bergstromd379,stromano253,Sun Sep 29 01:42:15 EDT 2019,Reddit
CTAX2029,kirlinc322,durganc332,Fri Dec 02 01:47:39 EST 2022,Reddit
OVDC2002,steuberg686,bartella328,Thu Jan 31 17:22:21 EST 2019,Snapchat
PQRO9329,webers930,wunschl202,Sat Jan 03 17:02:50 EST 2015,Telegram
UHTE8144,parisianj702,krism36,Tue Nov 01 09:30:07 EDT 2022,Facebook
GEZV6293,kshlerinl529,swiftm98,Fri Jun 22 16:36:22 EDT 2018,Telegram
JDXN5787,keelingd33,colliern768,Thu Apr 19 11:31:55 EDT 2018,Facebook
FKSS6183,lubowitzm482,smithaml119,Mon Aug 01 22:59:39 EDT 2022,Instagram
FRDW9183,baumbachb8,hudsonb801,Thu Jul 28 10:02:35 EDT 2016,WhatsApp
UMHM0653,rueckerb586,borere83,Mon Apr 17 07:41:12 EDT 2023,Twitter
CDNW3147,kunzey235,bogisicha197,Thu Aug 18 03:03:06 EDT 2022,Twitch
UAPH0238,hagenese56,darel127,Sat Sep 30 05:37:52 EDT 2017,WhatsApp
WVWG1653,fisherf19,zboncakc801,Tue Jan 25 06:55:48 EST 2022,Twitch
SLDI7644,heathcotea43,fisherl880,Fri May 08 17:38:19 EDT 2020,WeChat
ZWES8991,o'reillys349,rutherfordw617,Tue Oct 18 14:57:06 EDT 2016,LinkedIn
HKUP5556,purdyn598,ziemanni201,Thu Mar 17 00:55:07 EDT 2022,Instagram
HYMQ4782,ziemannm316,wisokya389,Thu Jan 21 16:22:47 EST 2021,Pintrest
JDER5191,ziemannm316,jerdej272,Mon Sep 26 06:05:29 EDT 2022,Instagram
YMIL7819,schneiderd799,millsp479,Mon Dec 02 19:12:50 EST 2013,Discord
FSSZ8668,treuteld749,robelh803,Tue Mar 15 16:18:37 EDT 2016,Twitch
TDHB9574,rempelm296,abernathyb678,Sat Nov 09 23:21:13 EST 2013,Telegram
IKWY7869,turcottei688,gloverj64,Wed Dec 07 09:57:26 EST 2016,Twitter
YGVL5325,olsonw636,gusikowskir444,Wed Apr 12 09:21:55 EDT 2023,Telegram
APBK7232,donnellyj355,dubuquem831,Thu May 26 11:21:11 EDT 2022,LinkedIn
HRTY8879,starkt363,raul832,Sun Sep 01 19:13:06 EDT 2013,Facebook
VNRY0732,lubowitzm482,tillmanm926,Sat Aug 29 09:58:55 EDT 2020,LinkedIn
LFDQ9260,okunevat791,rogahnj365,Wed May 04 07:10:32 EDT 2016,TikTok
CSSY9677,klockod197,heathcoted22,Wed Apr 15 14:14:51 EDT 2015,WeChat
PBYN9575,labadiet297,weste896,Thu May 05 20:12:26 EDT 2016,Twitter
PPKR8927,smithc83,goyettel319,Tue Jan 12 03:15:25 EST 2021,WhatsApp
GEEL0953,ornk865,rohanb38,Fri Jun 29 10:05:46 EDT 2018,Snapchat
OVUG0893,hoppem189,haleyp419,Sat Nov 21 19:32:26 EST 2015,Snapchat
DJRV7427,kassulked891,bartellg962,Thu Sep 29 04:28:52 EDT 2022,Instagram
LMVK3838,kohlerc670,ornk865,Thu Oct 15 19:42:29 EDT 2015,WeChat
VBYG2067,auerf298,rodriguezd470,Sat Jan 18 15:04:10 EST 2014,Pintrest
BEVK3842,stromano253,krajciks524,Sat Feb 09 04:08:46 EST 2019,WeChat
XSCG1231,hamilla751,boyera331,Wed Oct 17 19:36:43 EDT 2018,Telegram
FIKO6221,kihnc793,rowet297,Mon Oct 01 10:23:26 EDT 2018,Reddit
FAOA7708,rueckerk527,trompr152,Sun May 12 21:35:27 EDT 2019,Instagram
PHFO6362,kundel942,stantonj236,Sat Apr 25 12:50:02 EDT 2015,WhatsApp
ZSNW5898,cruickshankl770,powlowskil434,Thu Nov 05 17:20:56 EST 2020,Snapchat
CILV0844,mayerj156,o'connerd942,Thu Mar 22 21:47:23 EDT 2018,WeChat
VSLK3844,stracker910,bechtelarb928,Thu Aug 10 03:44:53 EDT 2017,LinkedIn
SEBF8489,kleina832,brekkeh960,Wed Sep 21 16:51:45 EDT 2016,WeChat
UQRL2862,bogisiche421,d'amorej743,Fri Oct 02 11:12:16 EDT 2020,Reddit
TVEV0626,townea439,champlinf956,Sat Oct 18 13:33:54 EDT 2014,YouTube
PFZS4717,greenfelderc73,heathcotea43,Thu Apr 24 08:33:55 EDT 2014,Discord
JIXE2031,dubuquej404,greenw573,Sun Jun 05 17:01:46 EDT 2022,Facebook
KRVK9933,corwina78,heidenreichs183,Sat Sep 19 02:34:43 EDT 2020,YouTube
ACND9370,kozeyd377,torpc4,Tue Nov 29 15:30:55 EST 2016,WhatsApp
UXBF9645,schillerf453,bogisicha197,Thu Dec 19 10:51:43 EST 2019,Twitter
PXNX1033,hayesc579,kuvalisa673,Sun Aug 10 07:32:10 EDT 2014,WeChat
PVVZ2325,kshlerinl529,oberbrunnere808,Wed Jan 15 10:30:26 EST 2020,Snapchat
KNUL6337,fisherr453,johnst248,Sun Oct 27 20:08:39 EDT 2019,Twitch
ZJBD2540,dickinsonm421,mertzl630,Thu Nov 07 00:53:24 EST 2019,Telegram
YOQL4806,wisozke255,cruickshankl770,Tue Sep 17 04:40:02 EDT 2019,TikTok
PYTC1821,beckere497,nadero781,Mon Feb 23 20:35:27 EST 2015,Facebook
LMUF0472,sipesl928,bayerm154,Sat Sep 28 21:48:06 EDT 2013,Pintrest
VONC1241,uptong173,schuppej936,Sun Aug 26 18:27:28 EDT 2018,YouTube
JDQV1128,fritschd453,starkw250,Fri Jun 17 09:14:54 EDT 2022,YouTube
FTOE2210,reichertd299,herzoge476,Mon Jun 28 02:10:56 EDT 2021,Telegram
DUXO3178,macejkovicb100,christiansenm494,Mon Apr 23 06:53:15 EDT 2018,WeChat
SILX5590,connellys261,kassulkee698,Sun Jan 24 22:50:39 EST 2016,WeChat
BMRS5764,fishers393,schambergerb759,Mon Apr 25 14:23:04 EDT 2016,LinkedIn
EFKT6259,manted711,aufderhard683,Thu Nov 05 18:16:54 EST 2020,YouTube
GXZA1429,thompsonc277,lindgrena924,Mon Jun 25 02:17:20 EDT 2018,Instagram
ROKB9667,bergnaume528,hayesa100,Wed Aug 26 08:17:25 EDT 2015,LinkedIn
SSCW4688,millerb218,nienowm179,Mon Oct 26 08:56:43 EDT 2015,Pintrest
CNJZ2244,strosind694,mrazm191,Wed Oct 05 04:03:42 EDT 2016,WeChat
IWSF6958,hilllj871,gerlachs976,Sun Nov 26 09:06:47 EST 2017,Twitch
NDWF2405,emardd871,powlowskit361,Wed Jan 14 13:21:33 EST 2015,Snapchat
BZXA6756,kulasl746,rippini60,Sat May 23 18:53:40 EDT 2020,TikTok
LAVP0784,kunzed946,rippini60,Thu Feb 14 16:58:43 EST 2019,WhatsApp
QNHK0427,skilest298,schadena167,Tue Nov 30 18:40:05 EST 2021,YouTube
FSNA6195,sauerk504,corwina78,Thu Nov 17 01:47:12 EST 2022,Twitch
HRQG9997,framij535,zulaufm859,Thu May 12 22:02:38 EDT 2016,Twitter
GBPE9318,buckridgea653,ratkel377,Tue Dec 06 16:32:34 EST 2016,Instagram
IYSC2108,bahringerd155,brownw923,Wed May 03 14:54:35 EDT 2023,Twitter
MBLV7087,kassulkeb148,hirthea88,Sun Feb 22 15:40:46 EST 2015,WhatsApp
VMII6282,weissnatk845,bergstromm429,Fri Mar 30 22:23:49 EDT 2018,WhatsApp
GLYE8041,lehneri211,reillyl914,Sun May 09 20:09:48 EDT 2021,TikTok
XRSK4265,faheyv504,baileyd49,Wed Jun 09 00:22:56 EDT 2021,Facebook
TAMW9605,watsicaf787,stromanr234,Fri Feb 14 07:03:49 EST 2020,Twitch
ATEJ4792,heathcotea43,collierk780,Mon Jul 09 22:22:14 EDT 2018,YouTube
ITQZ2119,d'amorei790,willmsk433,Tue Aug 04 02:29:10 EDT 2020,Instagram
EUCP2348,swaniawskir935,robertsb171,Sun Nov 12 03:40:02 EST 2017,YouTube
VKQS0232,klockos97,sanfordc841,Sat Jul 04 20:10:54 EDT 2015,YouTube
WHEO5594,schillerk731,gutmannw903,Fri May 10 02:32:49 EDT 2019,Snapchat
ZEQC6554,koelpinj700,lubowitzv160,Mon Mar 12 20:00:38 EDT 2018,Discord
EEVN2139,reingers528,bayerm154,Thu Oct 22 06:06:06 EDT 2020,Instagram
BCXU6188,bartellg962,kuhlmand78,Sun Sep 15 13:32:06 EDT 2019,Discord
KBYK9590,carterm589,dietrichd893,Sat Dec 31 03:31:45 EST 2016,Twitch
UHRE2414,gutkowskis220,botsfordk673,Fri Aug 02 05:40:55 EDT 2019,WeChat
EAVR0203,rohank195,trompt389,Fri Oct 09 22:04:50 EDT 2015,Pintrest
PSHQ0580,stromanr234,breitenbergc281,Sun Mar 21 10:15:01 EDT 2021,Snapchat
VFAA7110,bayerm154,metzq194,Thu Mar 03 15:40:21 EST 2022,Discord
RZUE2801,breitenbergc281,casperr148,Sun Nov 01 12:43:46 EST 2015,LinkedIn
ZRQI8321,wunschl46,donnellyj355,Thu Nov 19 01:48:39 EST 2020,LinkedIn
ICNB0905,mclaughling141,littled399,Wed Dec 12 09:17:22 EST 2018,Facebook
GIAV7747,kesslerv327,vonruedend441,Tue Sep 27 08:39:27 EDT 2016,Instagram
ZATY8871,webers912,conroyt58,Sun Feb 01 00:03:36 EST 2015,Snapchat
SRLE3017,kuvalisb395,mosciskij794,Thu Mar 25 05:38:35 EDT 2021,WeChat
TKMJ3185,wehnerd405,kuhicd453,Sat Jul 04 16:22:00 EDT 2015,Twitch
IHVR6687,bernhards295,o'haraw614,Tue Dec 16 23:54:21 EST 2014,Reddit
PWQN3031,mrazf680,smithaml119,Wed Oct 07 22:11:21 EDT 2020,Telegram
XCFL2389,schmelerm785,bahringert208,Wed May 07 21:49:19 EDT 2014,Twitch
TEYP1134,wolffr431,kihna264,Thu Dec 20 07:03:07 EST 2018,Facebook
BLLB2817,stromano253,bernhardw434,Sat Jul 01 06:25:07 EDT 2017,Telegram
UCMW9354,mclaughlinc325,watsicaf787,Sun Oct 20 05:20:18 EDT 2019,Twitter
GNTI5938,prosaccol431,baileyd49,Tue May 03 16:38:31 EDT 2016,LinkedIn
WPLA1521,morarf496,moorer825,Sat Jan 12 11:04:10 EST 2019,Snapchat
XPRB1372,jonesr76,hermant178,Fri Dec 07 20:54:01 EST 2018,Telegram
OFSZ3563,buckridged92,doylej720,Mon Aug 22 19:55:35 EDT 2022,YouTube
GFZP3714,denesikg128,crooksc280,Sun Jun 17 06:17:37 EDT 2018,Pintrest
FJRM0880,raul385,russelj781,Sun Jul 25 13:34:09 EDT 2021,YouTube
SNNW3865,boganj499,gutkowskis220,Fri Apr 19 14:27:40 EDT 2019,LinkedIn
NEEJ6880,wardv51,abbottk347,Fri Sep 07 15:00:39 EDT 2018,Facebook
IYVD3734,harveym523,waelchiw968,Wed Jun 07 05:22:34 EDT 2023,Discord
QVGK8462,cartera360,weissnatn173,Wed Jan 13 20:59:42 EST 2016,Twitch
CCCL0645,pacochae678,rippini60,Sat Mar 04 05:27:08 EST 2023,Twitter
PRQH1401,emardd871,steuberr874,Mon Oct 21 10:16:52 EDT 2013,Pintrest
BBUM2597,quigleyt961,koelpinj700,Tue Jan 27 23:44:05 EST 2015,WeChat
TQAQ5801,carrollm147,stracker910,Wed Jun 08 10:59:37 EDT 2022,Instagram
TJQP5619,funke849,greenholtd645,Thu Jan 13 07:06:41 EST 2022,Pintrest
ZAMH2793,haagm243,kilbacku909,Sat Jun 06 23:56:22 EDT 2020,YouTube
ULDQ6014,hoegerj61,jacobsonj168,Sun Nov 10 15:46:52 EST 2013,LinkedIn
ZDEJ9408,bradtkek206,boganj499,Thu Jan 21 22:45:13 EST 2016,Reddit
LTFB6249,steuberg686,macejkovics263,Sat Sep 29 02:41:38 EDT 2018,YouTube
TGXQ2487,lubowitzs507,carrollm147,Fri Feb 07 19:19:32 EST 2020,Facebook
IOPY4957,goldnert265,wildermank279,Wed Mar 23 19:57:57 EDT 2022,WeChat
GBME4352,powlowskit361,hettingerm450,Thu Nov 23 10:09:48 EST 2017,WeChat
DIZS7752,ferryl373,bogisicho381,Tue Mar 08 06:53:43 EST 2016,Pintrest
CJVK9518,mclaughling141,dooleye195,Wed Aug 18 08:26:45 EDT 2021,WeChat
VESF9769,reingerf28,gibsone145,Wed Jun 14 09:46:56 EDT 2017,WeChat
ONEO5249,rosenbaumm407,okuneval559,Sun Nov 20 19:50:50 EST 2022,Discord
RDHT0314,turcottew90,sporerl128,Mon May 31 19:12:49 EDT 2021,Facebook
TKHK9326,goodwinb547,gradyg701,Sun Jul 16 15:45:00 EDT 2017,YouTube
HRUZ9498,legrose273,stoltenberga140,Mon Jan 19 15:03:08 EST 2015,Discord
TIMT7510,daren639,howella757,Thu Feb 02 06:05:18 EST 2023,Instagram
DWRK3511,wisozka882,satterfieldc618,Sat Mar 16 02:05:31 EDT 2019,Pintrest
UAFB6212,webers930,osinskik861,Tue Mar 19 21:36:11 EDT 2019,YouTube
USNO2332,strosiny740,schmidtt101,Tue Dec 27 05:50:58 EST 2016,TikTok
NDKB3133,kemmerr270,tremblayk241,Wed Jul 22 20:34:33 EDT 2020,Twitter
MYAJ7746,beahanc888,johnstond817,Wed Dec 16 01:51:17 EST 2020,Reddit
TWBD2280,runtea547,padbergt350,Sat Jul 18 01:17:40 EDT 2015,WhatsApp
AXXO2844,jaskolskil832,harveyd386,Fri Jun 09 16:19:01 EDT 2017,Instagram
PMYS7490,mcglynns24,marvina701,Tue Dec 18 01:19:33 EST 2018,LinkedIn
BZIN0940,casperd611,kihnw975,Wed Sep 11 16:45:23 EDT 2013,Discord
CLOG2386,kesslers890,hintzk867,Tue Sep 15 19:21:06 EDT 2015,YouTube
ABFM9822,vandervortd321,auerl529,Fri Apr 06 21:07:30 EDT 2018,Snapchat
RDKH8901,johnsa271,windlerb526,Fri Nov 21 06:48:28 EST 2014,Twitch
USCD5142,andersont192,millsp479,Wed May 08 22:13:03 EDT 2019,Reddit
ZWRW7450,vandervortt112,collierh298,Tue Sep 03 05:54:00 EDT 2019,Snapchat
CHNV1280,volkmant943,boganr504,Mon Aug 24 01:27:49 EDT 2020,Reddit
GGZU9815,walterm431,boscog842,Wed Apr 08 22:56:47 EDT 2020,Telegram
JXZC0461,gibsonm242,walkerj539,Wed Jul 01 18:01:15 EDT 2020,WhatsApp
DJWG7172,cremina297,gottliebc516,Tue Jan 03 06:40:15 EST 2023,Twitter
HCJU7100,lubowitzs507,howella757,Sun Sep 07 06:53:24 EDT 2014,YouTube
QSFQ5077,gloverj64,pfannerstillt178,Tue Oct 17 09:53:09 EDT 2017,TikTok
VBMA2994,cristk144,schmeleri301,Thu Feb 11 13:46:09 EST 2021,LinkedIn
UMMR4800,sipesj826,mohrm853,Tue Oct 24 07:57:30 EDT 2017,Snapchat
RODG1090,balistrerij111,bernhards295,Thu Jun 22 21:08:04 EDT 2023,WhatsApp
OLIN5186,hahnk354,gleasond183,Tue Feb 15 00:28:05 EST 2022,Instagram
PUVE3822,gerlacht909,streichl471,Mon Mar 22 12:47:55 EDT 2021,Twitter
PKLO2612,quigleyd362,tillmanm926,Wed Apr 22 15:12:06 EDT 2020,Discord
JTGZ3403,greenfelders617,goodwinj756,Fri Feb 12 19:05:12 EST 2016,YouTube
LBTK5190,vandervortt112,schmitta114,Tue Jun 03 20:09:51 EDT 2014,Telegram
UDOD2927,schummk544,gleasond183,Fri Mar 17 03:12:26 EDT 2023,Instagram
HLQJ1386,schulistj463,volkmant943,Tue Apr 19 17:09:23 EDT 2022,WeChat
DBXE4446,kihnc793,howet631,Thu Feb 18 18:05:46 EST 2016,Twitter
HMQP3029,reillyl914,dickinsonm454,Tue Jun 13 23:34:04 EDT 2023,Twitch
JRVT9156,crooksc280,stoltenbergo295,Wed Dec 09 13:52:52 EST 2015,Pintrest
QDHN9799,creminc448,runolfssons734,Sat Dec 20 15:09:13 EST 2014,Reddit
CEWP2885,raul385,jakubowskiw425,Fri Mar 09 18:59:13 EST 2018,Pintrest
TPAE0811,schneiderd799,gutkowskil701,Fri Jan 02 12:57:16 EST 2015,TikTok
PFAO8759,wunschs796,steuberr874,Mon Aug 19 05:59:46 EDT 2019,Telegram
AIEI7657,waltera243,cruickshankl770,Tue Mar 29 10:42:07 EDT 2016,TikTok
BNWY2094,kshlerino898,nitzscher502,Tue Feb 27 22:50:36 EST 2018,Telegram
CEXD6172,konopelskid141,andersont192,Fri Nov 10 06:32:36 EST 2017,Discord
GBOL3821,kozeyt712,wiegandl430,Fri Dec 28 07:07:05 EST 2018,Reddit
UTCB9478,stantonj236,kesslers890,Sun Jan 24 00:56:30 EST 2021,Snapchat
HYDP3151,oberbrunnerc410,kshlerinl529,Fri Jul 26 10:44:55 EDT 2013,Facebook
ZKAB2958,hermistong57,hayesa324,Mon Aug 31 20:45:16 EDT 2020,Twitch
EBHH0309,luettgene713,kassulkee698,Tue May 31 01:08:56 EDT 2022,Twitch
NNBQ0198,willmsk433,dachn730,Sun Oct 21 09:13:13 EDT 2018,Telegram
RXNN8282,darel127,huelk835,Sat Jun 11 09:28:24 EDT 2016,WeChat
YDHE8709,pagace400,zboncakc801,Fri Oct 07 08:42:05 EDT 2016,WeChat
AHNG7957,stromano253,reynoldsq722,Fri Dec 27 11:26:38 EST 2019,Pintrest
BXJX2497,herzoge476,starkr980,Thu Sep 14 13:53:30 EDT 2017,Snapchat
MVZV7425,durganr751,mcclurer244,Wed Aug 14 00:13:32 EDT 2019,WhatsApp
RTMQ7952,adamse46,stiedemannc453,Fri Dec 15 23:07:24 EST 2017,Pintrest
YZED4809,cruickshankl770,schambergerl165,Sat Oct 24 05:39:15 EDT 2020,Twitter
YMGM6909,parkerd129,hueld517,Wed Jan 05 18:10:01 EST 2022,Pintrest
HZUF0883,littlec465,rolfsonc282,Tue Feb 16 08:45:29 EST 2016,Facebook
MTTH2212,jacobib747,durganr751,Fri Oct 24 06:23:46 EDT 2014,WhatsApp
ZYED2331,mcglynnw784,hoppem189,Wed Jan 16 12:09:17 EST 2019,TikTok
VIHB6226,bradtkek206,lakins689,Thu Aug 23 21:48:42 EDT 2018,Telegram
PAMY3779,bauchv338,bogisiche421,Thu Jun 22 06:30:16 EDT 2017,Facebook
XALR2627,lakins689,littelo193,Thu Dec 17 04:45:19 EST 2020,Telegram
CBDH7194,kunzea302,stehrl306,Sun Apr 01 01:30:37 EDT 2018,Facebook
VZVU8778,walterm431,krajciks524,Sun Sep 27 09:55:45 EDT 2015,LinkedIn
PGKF5680,colek228,ernserk156,Thu Mar 10 03:41:43 EST 2022,Facebook
DMFV6270,schambergerl165,hermannt311,Fri Oct 30 00:37:57 EDT 2020,Telegram
WCRR6414,mcglynnw784,satterfieldc618,Fri Apr 03 05:08:25 EDT 2015,Snapchat
PUTF8480,harveyd386,quigleyd362,Fri Apr 29 16:19:03 EDT 2016,Twitter
FNJE5260,nikolausw152,starkr658,Thu Jan 11 08:35:57 EST 2018,WhatsApp
ALLX9440,borere83,kiehnm890,Sun Jan 29 21:30:51 EST 2017,Reddit
MCAE5021,vont623,mclaughlins817,Wed Nov 11 09:18:55 EST 2015,Snapchat
DSUE1104,skilest298,baileyg928,Sun May 03 14:28:21 EDT 2015,WeChat
AVKS8009,heidenreichs183,gibsone145,Wed Jun 10 21:14:27 EDT 2020,Instagram
CBLZ9371,hoegerg918,mrazm191,Fri Mar 08 23:43:01 EST 2019,Facebook
OMAH7961,wymant815,uptond524,Sat May 08 23:38:52 EDT 2021,Pintrest
SDMS3062,legrosv828,kertzmanne150,Thu Jun 19 16:18:35 EDT 2014,Facebook
YWEO8746,pagact545,williamsonk777,Thu Jul 23 00:35:02 EDT 2015,Telegram
MDEJ2903,beattyl280,linds673,Sat Aug 31 07:20:30 EDT 2013,Facebook
UZXK5653,jacobsonn331,watsicaf787,Tue Dec 20 22:52:16 EST 2022,WhatsApp
LYMQ8706,rathb59,buckridged92,Tue Dec 10 04:47:52 EST 2013,Discord
IMJR5549,gusikowskir444,krisa608,Sun Feb 26 21:17:42 EST 2023,Pintrest
FIYS1015,strackeb254,keelingd33,Mon Feb 27 14:59:26 EST 2017,Discord
OPUK1818,mccullougha970,mrazm980,Thu Dec 01 09:18:19 EST 2016,Reddit
AIBO1880,waltert691,kemmers883,Tue Nov 29 02:07:33 EST 2016,Twitch
YIBJ6553,kuvalisa673,jakubowskir803,Sat Aug 08 18:10:28 EDT 2015,Twitter
PICU5254,crooksm348,rolfsoni253,Sun Apr 10 12:55:16 EDT 2016,Twitter
SQHP1616,batzb671,haleyr605,Sat Jul 11 03:32:46 EDT 2020,Facebook
QQMD2052,steuberr874,mertzm381,Fri Dec 04 11:48:55 EST 2020,WeChat
PTHC0129,millsp479,dubuquej404,Sat Apr 11 17:34:04 EDT 2020,TikTok
HYJA0924,lindgrena924,feestc641,Sun Jun 26 18:45:00 EDT 2016,Telegram
HWCT6437,langoshc322,collinsl955,Sat Nov 30 11:08:37 EST 2013,YouTube
GGRY4002,cremina328,moenh402,Tue Jan 19 11:11:53 EST 2016,Twitter
EZUJ9706,lueilwitzm437,hellerd350,Sat Jan 18 15:28:57 EST 2014,WhatsApp
MCMX9265,goldnert265,krisb508,Mon May 02 07:11:36 EDT 2016,Instagram
UXES2482,reingers528,kassulkem42,Sat Jul 08 02:12:28 EDT 2017,Discord
MPQZ4584,collierk780,funke849,Sat Jun 13 18:50:52 EDT 2020,Snapchat
ISVQ2007,kuphale843,oberbrunnerd722,Sat Sep 02 20:56:19 EDT 2017,YouTube
MAPI0582,kleino942,goldnerl283,Sun Jun 24 18:33:19 EDT 2018,LinkedIn
GSDK2263,schambergerb759,krism36,Wed May 25 10:05:21 EDT 2022,Twitter
OOLH5791,wolffj841,reichertd299,Sun Sep 07 08:30:36 EDT 2014,Discord
SWLQ7347,sipesj826,konopelskid141,Mon Nov 02 16:24:20 EST 2015,WeChat
FTEX0271,kovacekr753,pagact545,Tue Jul 29 08:34:45 EDT 2014,Instagram
XNTY9957,cremina297,grimest437,Sat Nov 30 11:51:27 EST 2013,Twitch
YNTR7179,murraym627,baileyd49,Fri Mar 27 17:40:49 EDT 2015,Twitter
YLFG3766,kihnc793,schoenr142,Tue Jul 31 07:24:18 EDT 2018,WhatsApp
SFPM3298,corwine137,schmidtm490,Fri Jan 28 20:11:35 EST 2022,Twitch
OEMM8830,rogahni716,gradyf671,Thu Nov 10 08:02:35 EST 2022,Twitter
BZLU4431,kesslers890,daren639,Wed Jan 31 08:21:32 EST 2018,Instagram
IEQA1866,morarr751,hanet830,Sun Feb 23 01:22:54 EST 2020,YouTube
YWHF1251,kochs88,hanej324,Tue Dec 26 13:18:23 EST 2017,Snapchat
SKPW8967,hettingerm450,kovaceks162,Tue Dec 04 00:56:18 EST 2018,Reddit
EHGA5104,gutmannd610,cartera360,Thu Apr 06 20:01:52 EDT 2017,YouTube
SFHF0037,mertzl630,handr857,Tue Jun 27 18:35:18 EDT 2017,WeChat
UEHL7396,jakubowskil675,reingert979,Mon Mar 28 03:08:04 EDT 2022,Instagram
YVOG7531,vandervortt112,gutkowskil701,Mon Nov 25 05:16:04 EST 2019,Telegram
JEHT8905,jonesh389,legrose273,Tue Jul 23 01:30:07 EDT 2013,WhatsApp
ZFNR3401,kassulked891,brownd824,Mon May 17 17:54:54 EDT 2021,TikTok
PKDV2742,oberbrunnerm754,rutherfordp788,Tue Feb 14 13:14:22 EST 2017,LinkedIn
QZPG3928,rolfsonm95,hayesa324,Fri Jun 15 12:08:36 EDT 2018,Reddit
BEAN4827,ernserm563,corkerye552,Mon Aug 30 15:01:21 EDT 2021,Facebook
LCCO6030,bergnaume528,walkerj539,Wed Mar 23 07:01:22 EDT 2022,WhatsApp
STCR8049,oberbrunnerc410,murraym627,Sun Mar 11 09:21:50 EDT 2018,Pintrest
YLQZ9465,turcottei688,swifts874,Sat Dec 26 03:13:21 EST 2020,Twitter
TWMO0758,olsonw636,stiedemannc453,Tue Nov 15 16:09:29 EST 2022,Pintrest
BUZZ9023,mannk702,murrayb112,Mon May 28 17:04:06 EDT 2018,Snapchat
URYR5518,raul385,hermannl552,Mon Nov 18 06:45:53 EST 2013,TikTok
WYEH2942,parisianv926,murazikc101,Fri Nov 03 06:48:15 EDT 2017,Pintrest
FPHA7614,mrazm191,dubuquec806,Tue Jan 14 10:33:48 EST 2020,Snapchat
GMFR1921,aufderhard683,corwine137,Tue Oct 13 16:56:43 EDT 2020,Telegram
GRDA8461,christiansena891,collinsl907,Mon Sep 07 19:13:32 EDT 2015,Pintrest
RSZY1135,smithaml119,mclaughlinc325,Mon Jun 08 17:42:21 EDT 2020,Snapchat
GIRT9398,carrolld879,reingerg52,Fri Nov 15 13:55:01 EST 2019,Facebook
MAAJ7757,morard842,hackettj763,Wed Jun 24 20:33:25 EDT 2015,TikTok
UZWD5826,bauchv338,carterp233,Sat Sep 24 17:08:46 EDT 2016,TikTok
YKCI7902,schneiderr741,corkeryc212,Mon May 01 14:47:42 EDT 2023,WeChat
KGKS0433,kemmers883,hackettj763,Mon Mar 21 20:01:35 EDT 2022,TikTok
GWHE4128,bergstromd379,breitenbergc568,Fri Aug 12 12:08:48 EDT 2016,Reddit
RJHQ1763,robertsc676,robelh803,Tue Oct 17 19:07:09 EDT 2017,YouTube
UVXQ2194,brekkeh960,wisokyt558,Sun Jan 19 22:26:59 EST 2014,Discord
SBWX8200,wolffr431,powlowskit361,Wed Mar 06 08:39:53 EST 2019,Snapchat
TWJU3538,welcha845,haucks311,Wed Sep 21 03:23:29 EDT 2022,WeChat
JNVJ2594,oberbrunnerm754,wildermanb758,Thu Sep 04 06:23:39 EDT 2014,Twitter
CXHN6447,schmelerm785,bruens750,Fri Dec 22 08:44:10 EST 2017,LinkedIn
UBXU1735,bartonn272,krisb508,Tue Aug 20 23:26:22 EDT 2013,Reddit
LTZK6456,quigleyd362,vandervortt112,Thu Nov 02 17:50:28 EDT 2017,Facebook
OFHZ0658,parisianv926,d'amorei790,Mon May 19 19:48:27 EDT 2014,Instagram
DTAA9455,oberbrunnerm754,kihne824,Tue Mar 14 04:28:15 EDT 2023,WhatsApp
GAJP7971,runtea547,beckera607,Sun Jan 22 18:13:46 EST 2023,WhatsApp
UNDU3326,bauchv338,osinskic128,Tue May 23 15:54:36 EDT 2023,YouTube
TSGB4041,pacochaj393,gutkowskil701,Fri Mar 24 11:36:15 EDT 2023,Twitter
IHFO1563,mcglynnw784,pacochae678,Sat Jul 01 19:39:15 EDT 2017,Discord
PYTW6301,gibsonm242,fisherr453,Fri Jun 09 16:13:47 EDT 2023,WeChat
HCKS9813,beattyj876,hoppem189,Tue May 30 18:55:32 EDT 2023,Pintrest
VQXX7532,heathcotea663,jakubowskir803,Fri Aug 05 12:52:34 EDT 2016,Snapchat
HEZT1711,bergstromd379,beierb436,Fri Jul 07 18:34:58 EDT 2023,Snapchat
GEDR7087,ryanl243,haagm243,Fri Jan 23 07:32:50 EST 2015,YouTube
AJOO0297,braune14,bahringerd155,Fri Mar 20 00:57:22 EDT 2020,YouTube
HIZK5654,lowej196,schroederm167,Sun Feb 27 06:13:02 EST 2022,Pintrest
IXBV0504,greenholtg922,waelchil2,Sun May 19 06:48:18 EDT 2019,Twitch
LJJV0144,runolfsdottire667,adamse46,Sat Nov 11 05:28:20 EST 2017,Instagram
GEYM5633,wiegandl430,connellyk565,Sun Oct 30 10:25:29 EDT 2022,WhatsApp
TQIM6826,beattym376,breitenbergn777,Thu Mar 28 23:58:39 EDT 2019,Twitter
TAZP4762,zulaufi247,fisherl880,Sat Dec 23 09:00:59 EST 2017,Pintrest
PBJF1484,mertzl630,carterp233,Wed Feb 10 14:22:18 EST 2016,Reddit
BCQR7400,cristj671,windlerc390,Sat Apr 04 15:11:53 EDT 2020,Twitch
YBQR6935,lefflers238,hoegerr274,Thu May 31 18:16:19 EDT 2018,TikTok
XRGE9927,runolfsdottirb730,beahanw286,Sat Sep 17 21:35:13 EDT 2022,Twitch
MXSW9935,heathcotea43,hilllj871,Sat Apr 30 05:17:38 EDT 2016,Twitch
DZDH9738,ankundinge834,wisozkn484,Tue Mar 24 00:49:02 EDT 2020,Twitter
FPOM1430,quigleyi218,runtea547,Sat Oct 24 09:02:24 EDT 2015,Telegram
AWRU4221,starkr980,fritschd453,Wed Dec 28 11:36:24 EST 2016,Twitch
HVUY5648,durganr751,gloverj64,Wed Feb 19 00:26:04 EST 2014,Twitch
WXUC8517,krajciks252,grahaml294,Mon Sep 19 04:37:24 EDT 2016,Discord
NHKF7246,cronal143,labadiet297,Wed Apr 22 19:06:06 EDT 2020,WhatsApp
GTDL0028,rogahnt312,corkeryz648,Fri Mar 04 14:27:13 EST 2016,Pintrest
KXWO9204,osinskik861,boscog842,Thu Apr 03 22:09:55 EDT 2014,WeChat
NYBG5711,rutherfordk97,bradtkek206,Fri Mar 25 15:50:32 EDT 2016,Twitter
NVXS6977,waltera243,rutherfordt790,Thu Jul 21 13:51:35 EDT 2016,Pintrest
UIRZ7116,o'connerd942,bergnaumf435,Mon Oct 14 18:57:39 EDT 2013,Reddit
NBTW5873,kovacekr753,wisokym684,Wed Feb 09 04:03:54 EST 2022,TikTok
LQAP5551,champlinf956,ondrickac388,Fri Nov 18 03:21:10 EST 2016,Pintrest
ITNK5759,haucks311,windlerr101,Tue Aug 05 11:42:38 EDT 2014,YouTube
HJSO4585,larkint731,legrosv828,Mon Feb 13 18:18:12 EST 2023,Telegram
EJWK9136,trompr152,reillyg706,Fri Sep 04 09:14:46 EDT 2020,Discord
NCZR8552,yostv682,hermannt311,Wed Feb 24 07:14:07 EST 2021,Snapchat
CYAJ5651,bergstromm429,mckenzies112,Tue Mar 05 08:31:49 EST 2019,Facebook
EZUG6163,davisv209,larkint731,Mon Nov 16 22:27:25 EST 2020,WhatsApp
DLPU7585,heaneyl873,johnstond817,Sat Dec 18 23:37:58 EST 2021,Discord
PYRD5432,zulaufm859,pauceka649,Thu Oct 03 06:38:30 EDT 2019,WeChat
NSAN0367,ricek626,abernathyb678,Fri Jul 20 04:06:38 EDT 2018,Reddit
ALYC6287,stoltenbergl30,kiehna896,Wed May 09 05:59:35 EDT 2018,LinkedIn
PNGA1982,mantew492,casperl273,Mon Apr 26 23:46:29 EDT 2021,Discord
TSHU7253,connellye518,hoegerg918,Wed Aug 04 10:34:49 EDT 2021,WhatsApp
SVIT6146,wittingc518,borerj365,Mon Oct 17 00:37:24 EDT 2022,WhatsApp
ATMG4024,altenwerthm885,satterfieldr845,Mon Jan 01 22:30:29 EST 2018,Telegram
AYKX8390,kirlinj225,reynoldsq722,Fri May 18 02:32:13 EDT 2018,Discord
JRBP4991,rathw599,hansena668,Wed Apr 02 05:08:49 EDT 2014,YouTube
URGW3237,millerl723,wisozke255,Tue Sep 28 08:19:47 EDT 2021,WeChat
UBIV8720,spinkat223,lynchd599,Tue Sep 15 03:34:52 EDT 2015,Pintrest
BRPC4564,brownw923,koeppm741,Mon Nov 15 03:06:19 EST 2021,WhatsApp
PMFO4085,dietrichd893,lubowitzm482,Wed Feb 02 19:59:20 EST 2022,WhatsApp
AZWG4166,starkr658,batzb671,Mon May 30 16:50:44 EDT 2022,WeChat
WJXK1565,braunn855,casperl273,Tue Apr 01 12:58:50 EDT 2014,Twitch
PMNL0335,weissnata386,rolfsonc282,Fri Feb 28 01:09:29 EST 2020,Pintrest
OULN8279,schadena167,klockol769,Tue May 04 09:52:22 EDT 2021,Twitter
FXZH6747,hamilla751,goyettel319,Tue Dec 08 00:00:55 EST 2020,Pintrest
WHBN1793,gloverd727,marquardtj473,Fri Apr 15 05:23:34 EDT 2022,Discord
SHBA9218,nienowj724,turcottei688,Wed Feb 11 13:12:24 EST 2015,Twitter
URLF8577,stoltenbergo295,okuneval559,Thu Feb 07 23:40:15 EST 2019,Telegram
GVVN8116,bayerk800,wisokyt558,Sat Jul 13 15:02:46 EDT 2019,Pintrest
IAHC3208,barrowsa668,gleichnerv832,Fri Oct 07 04:13:50 EDT 2016,WhatsApp
KCQZ9072,kihnc793,kuhlmand78,Tue Aug 13 22:11:07 EDT 2013,Telegram
SAML9200,rodriguezl342,parisiana614,Sat Apr 02 18:00:31 EDT 2022,WeChat
ZGZH9010,funke849,wolffr431,Mon Nov 17 12:51:46 EST 2014,Pintrest
PEAB8305,harveyd386,linds673,Thu Jan 24 16:39:59 EST 2019,Instagram
CKBR1570,herzogg587,treuteld749,Sat Oct 12 07:48:18 EDT 2013,Instagram
CKVN1591,kreigerj355,runolfsdottirb730,Wed Feb 08 20:12:46 EST 2023,Reddit
NMDW4173,cremink342,rippini60,Wed May 17 12:31:31 EDT 2023,WeChat
ZDRU2183,davisc306,hagenesk461,Sat Jul 28 17:58:00 EDT 2018,LinkedIn
HKAV7776,pourosd564,gleasonm314,Sun Nov 10 20:53:50 EST 2013,Instagram
BBNE2869,zulaufd581,faheyt307,Tue Jun 10 08:44:09 EDT 2014,YouTube
IYHX7431,hanet341,feestc641,Tue May 04 11:53:28 EDT 2021,Facebook
YUXI6245,brownn395,lowei15,Sun Nov 11 04:14:20 EST 2018,LinkedIn
ZNSI7580,terrym425,ratkel377,Sat Aug 01 13:11:56 EDT 2020,TikTok
ZECO6608,faheyt307,stoltenbergo295,Mon May 26 21:04:46 EDT 2014,Pintrest
NVZL5259,dickinsont741,hansena668,Fri Dec 21 08:29:07 EST 2018,Pintrest
VNGG5394,pagact545,reingers528,Fri Oct 16 12:33:17 EDT 2015,WeChat
PDFQ5273,rempelc95,rosenbaumj98,Thu Dec 11 13:33:02 EST 2014,TikTok
CENP7875,waelchir860,willmsk433,Sat Mar 21 01:02:21 EDT 2015,Pintrest
NOYQ9277,willmsk433,mcdermottd403,Tue Apr 28 23:53:11 EDT 2020,Facebook
OKFG8451,kiehnm890,koeppe799,Tue Apr 11 08:01:10 EDT 2017,Discord
PUDT6702,heathcoter559,hickled391,Fri Jun 16 08:41:07 EDT 2023,YouTube
JZIO8561,cummeratam970,bauchv338,Sat Aug 03 07:59:41 EDT 2013,Pintrest
QHDJ1917,schmidtm490,kuhnn576,Sun Oct 24 02:26:01 EDT 2021,Reddit
KZGU8541,macejkovicj345,wolffr431,Mon May 01 05:44:09 EDT 2017,Snapchat
SCHS5906,torpa578,mrazl854,Thu Feb 06 14:33:24 EST 2014,LinkedIn
YDFB2081,kuhlmana63,sporerl128,Thu Dec 20 03:37:56 EST 2018,Discord
TOEV3138,moenh402,runolfsdottirb730,Tue Sep 06 04:01:07 EDT 2016,Twitter
AEXA2685,rempelc95,mclaughlink76,Tue Aug 27 21:35:51 EDT 2013,Pintrest
KUBZ1783,uptong173,wunschl46,Fri Feb 16 00:42:52 EST 2018,Reddit
LDXI5771,kunzea302,stehrj68,Fri Dec 14 02:27:18 EST 2018,Discord
XSPE6390,cartere669,feestl594,Sat Jun 30 01:06:56 EDT 2018,Pintrest
KUON9196,corkeryz648,collierm503,Mon Dec 26 09:26:13 EST 2016,Telegram
OXLS3983,gutmannr6,crookse313,Mon Feb 01 14:45:56 EST 2021,Reddit
TCTT8329,corkeryc212,hilllj871,Fri Sep 25 21:24:54 EDT 2015,Reddit
YOCO6855,fishers393,oberbrunnere808,Thu Aug 24 22:00:20 EDT 2017,Facebook
ZZQD6271,brownh735,barrowsa668,Sat Apr 09 16:36:42 EDT 2022,Facebook
EQOE3215,lindgrena924,schroederd443,Sat Nov 11 00:48:52 EST 2017,WhatsApp
ADUU3806,funke849,mcclurer244,Thu Dec 29 23:38:27 EST 2016,Telegram
FJOB1035,greenfelderb803,hermistong57,Wed Aug 04 05:04:57 EDT 2021,Instagram
OGDB0779,glovert532,starks887,Fri Aug 26 16:06:42 EDT 2022,WeChat
VZBW6456,legrose273,emmerichb496,Sun Jan 22 21:53:46 EST 2023,TikTok
NSWJ4916,boehmq537,adamse46,Fri Jan 22 17:36:24 EST 2016,WhatsApp
PMND7874,rodriguezl342,christiansenr543,Wed Jan 30 01:34:49 EST 2019,Snapchat
IMVL4226,thiels257,bahringerd155,Thu Oct 09 23:08:31 EDT 2014,LinkedIn
HATW9888,ricek626,conroyt58,Mon Jul 24 10:44:46 EDT 2017,Reddit
SKNU7827,hilpertd156,brownd824,Thu Jul 19 05:15:59 EDT 2018,Pintrest
FWOD5073,binsa959,hermannc581,Sun Mar 30 10:59:19 EDT 2014,Reddit
GYBV1369,ricel471,fritschp242,Fri Oct 09 18:59:25 EDT 2020,TikTok
HJTC8935,ferryl373,rosenbaumj836,Thu Aug 22 12:06:19 EDT 2019,Twitch
CPFJ1587,schultzs34,schneiderd799,Tue Jun 20 18:52:21 EDT 2023,WhatsApp
DWON9306,connc907,schillerf453,Sun Dec 15 14:09:27 EST 2019,Snapchat
SVUM9758,braune14,parisiana700,Sun Apr 26 16:16:31 EDT 2020,Twitter
EAYZ5292,rowec806,mcdermottd403,Wed Oct 04 08:21:05 EDT 2017,Instagram
ALTB5912,moores512,kulasp848,Sat Jun 04 19:42:06 EDT 2016,Facebook
AZGX8686,bahringerc205,paucekp292,Fri Nov 13 16:14:23 EST 2020,Pintrest
RACB9630,monahanm435,schulistj463,Fri Oct 07 22:36:13 EDT 2016,WhatsApp
JVAB1345,kozeyd377,moorea904,Fri Jan 17 03:45:31 EST 2020,LinkedIn
EWYR4443,collierk780,metzg744,Fri Apr 04 16:00:52 EDT 2014,Twitter
IJRC4899,schuppem76,harrise476,Mon Jun 01 16:42:34 EDT 2015,Instagram
WBPK8690,hartmanng912,daren639,Sun Jul 04 20:36:12 EDT 2021,LinkedIn
XDUC6798,purdyn598,hauckl173,Wed Aug 07 04:25:11 EDT 2013,WeChat
EQIE1537,jacobsonk864,boganr504,Tue Apr 01 06:25:43 EDT 2014,Discord
FVMA5046,klockod197,thompsonc277,Thu Jan 11 21:19:43 EST 2018,Snapchat
VDDA8089,turcottei688,turcottef788,Sat Sep 14 20:55:42 EDT 2019,WeChat
AKZA8628,bergnaumf435,kozeyd377,Fri Nov 11 23:06:44 EST 2016,Discord
RUIN8664,trantowb859,littled399,Tue Nov 19 05:24:39 EST 2013,TikTok
AFXZ6337,fishers393,gleasond183,Tue Sep 01 10:37:48 EDT 2020,Twitch
RLIT4732,kohlerw951,vandervortt112,Sat Mar 05 02:14:50 EST 2022,LinkedIn
LEGB0760,crooksc280,pauceka649,Tue Jan 30 08:14:28 EST 2018,WeChat
DTNR2414,rodriguezl342,cartere669,Sun Aug 30 17:32:37 EDT 2015,Pintrest
ACDH5409,parisiana614,lubowitzm482,Wed Aug 05 12:55:54 EDT 2020,Discord
GSDF6991,emardt185,beckerr486,Mon Feb 16 18:56:38 EST 2015,Snapchat
YDFS6884,corkerym545,kundel942,Sat Jul 28 10:15:12 EDT 2018,Pintrest
UHPF1357,ryanl243,lowei15,Fri Dec 07 22:21:55 EST 2018,WhatsApp
SMGY3295,beattym376,vonruedenk312,Fri Apr 02 05:29:22 EDT 2021,LinkedIn
JYVC9224,emmerichb496,hillld192,Fri Apr 08 07:00:35 EDT 2022,Twitter
ARDB4799,kshlerinf387,hoppem189,Sat Apr 12 22:04:24 EDT 2014,Instagram
ZOPJ8487,fritschd453,reichertd299,Thu Aug 14 08:01:34 EDT 2014,Twitter
AGKY4786,hayesc579,barrowsa668,Fri Mar 27 13:15:29 EDT 2020,Instagram
IPAT5899,jonesr76,schustern926,Fri Mar 27 18:56:57 EDT 2015,Pintrest
MPWN9599,murrayb112,millerl723,Wed Jun 26 05:26:52 EDT 2019,Snapchat
YZYC8410,rueckere481,emardb182,Sun Apr 13 14:04:00 EDT 2014,Discord
LHPC0570,rowet297,reichertd299,Tue May 03 15:03:29 EDT 2022,Reddit
XHEK3909,doyles746,bartellg962,Fri May 03 11:43:40 EDT 2019,Reddit
RCLW5567,lubowitzv160,ankundingd172,Fri Feb 19 01:32:54 EST 2021,Facebook
ZKSO4258,kihnf98,cristk144,Sun Dec 28 23:11:55 EST 2014,Snapchat
FQNO3937,hanet830,hudsonw796,Fri May 05 20:09:53 EDT 2017,Twitch
RKLE2832,gottliebc516,oberbrunnerm754,Sat Aug 02 13:49:33 EDT 2014,WeChat
QQYN4023,webert248,klingm672,Tue Apr 18 03:15:17 EDT 2023,Pintrest
KRDZ7345,wisozke288,nolana115,Sat Jul 23 19:33:33 EDT 2022,Reddit
TXFS1950,hueld517,colek228,Thu Aug 06 04:27:15 EDT 2020,Discord
PMWK6093,powlowskil434,kertzmanne150,Thu Oct 04 16:46:36 EDT 2018,Instagram
OEUT3892,pfannerstillt178,walterc537,Tue Apr 29 01:53:05 EDT 2014,Discord
KMDI1979,mcdermotte255,krajcikc599,Sat Sep 05 14:53:59 EDT 2015,YouTube
VXKU1714,hoegers257,zulaufm859,Wed May 02 17:40:55 EDT 2018,Reddit
HVAW3065,schneiderd799,kshlerinf387,Tue Jul 30 07:51:34 EDT 2013,Instagram
XKER8567,bartonh242,windlerc390,Sat Mar 29 12:12:42 EDT 2014,Pintrest
JIQA6059,littled399,langoshc322,Tue Sep 06 03:10:02 EDT 2022,WeChat
PZXC3424,trantowl794,kulasd969,Mon Feb 18 14:41:51 EST 2019,Twitter
JPZQ8963,feila98,powlowskit361,Sat Mar 07 05:08:08 EST 2015,Twitch
IFTE2177,howella757,reingerf28,Sun Oct 07 16:09:11 EDT 2018,Snapchat
KVHO8491,schillerj576,heidenreichs183,Tue Mar 21 06:52:11 EDT 2023,WeChat
XTXH8742,hermistonr936,o'reillyt801,Fri Jan 11 14:56:38 EST 2019,WeChat
QVOA8319,lubowitzm482,collierm503,Thu Jun 18 22:17:06 EDT 2015,Instagram
FXYC3962,beattyj876,kuhicd453,Thu Jul 02 07:42:59 EDT 2015,TikTok
SXVY5604,fisherr453,andersont192,Tue Oct 17 19:36:11 EDT 2017,Facebook
MBJT1115,powlowskil434,bergee907,Wed May 12 05:37:31 EDT 2021,Snapchat
VZYG5283,walkerj539,cartere669,Wed Nov 15 12:23:24 EST 2017,Facebook
RCHY8605,gradyn371,polliche465,Sat Jan 28 01:32:23 EST 2017,WhatsApp
CJIG1847,kozeyb934,rosenbaumm407,Thu Jul 13 11:55:17 EDT 2017,LinkedIn
XHZI2051,kshlerinl529,durganr751,Wed Jul 19 21:10:02 EDT 2017,LinkedIn
RZJN9414,ratkev602,windlerc390,Thu May 11 14:47:12 EDT 2023,Twitch
QJVS4716,gradym951,kertzmanne150,Thu Feb 05 08:10:24 EST 2015,YouTube
SGVL6407,greenholtg922,walkerj539,Sat May 13 00:09:09 EDT 2017,Instagram
PCDK7675,greenr39,hayesa100,Tue Oct 07 07:20:56 EDT 2014,Discord
WHPS5107,lakins689,schowalterd783,Tue Jun 10 21:01:51 EDT 2014,LinkedIn
TLVG8953,gleasonk173,jerdej272,Thu Mar 26 12:15:47 EDT 2015,WeChat
OOJY1779,jonesh389,nicolasj302,Sat Jul 05 17:29:03 EDT 2014,Discord
IDGB9916,nadero781,kihnc793,Mon Dec 03 19:44:03 EST 2018,Discord
VYID2891,uptond524,reingers528,Thu Oct 10 06:36:15 EDT 2013,WhatsApp
AVPP8212,borere83,hermannl552,Mon Aug 15 21:17:42 EDT 2022,TikTok
BBJO0315,gutmannw903,oberbrunnerc410,Fri Nov 14 12:59:20 EST 2014,YouTube
JSEG8631,millerl723,balistrerij690,Sat Dec 31 17:21:55 EST 2016,YouTube
QTYI3274,brekkeh960,durganr751,Thu Sep 22 20:26:06 EDT 2022,WeChat
PFSD3793,haagr502,nadero781,Fri Nov 13 11:54:38 EST 2020,Facebook
DDYS7407,reingerg52,beahana554,Sun Apr 25 17:31:19 EDT 2021,Twitter
ZKXS7789,milleri319,millerb822,Thu Feb 15 08:49:27 EST 2018,Reddit
WXNS1192,rowef914,ankundinge834,Thu Jun 30 13:37:23 EDT 2022,Pintrest
WSVX5727,fritschp242,braunc322,Mon May 29 03:10:00 EDT 2023,Pintrest
WATK4007,strackeb613,nienowj724,Wed Mar 05 23:48:12 EST 2014,Facebook
SBIB3983,gerlacht909,haleyk716,Thu Dec 22 14:43:09 EST 2016,WhatsApp
TRCU9767,gutmannd610,wildermank279,Sun Mar 05 04:24:03 EST 2017,YouTube
IZKF8910,botsfordk673,kihne423,Tue Jun 06 22:21:49 EDT 2023,Pintrest
XLYS8104,greenholtd645,macejkovicb100,Thu Oct 30 01:13:45 EDT 2014,Telegram
HNNC1727,howella757,jacobsont254,Fri Dec 21 07:25:54 EST 2018,Facebook
LILP4082,cremina297,baileyl848,Mon May 22 10:32:40 EDT 2023,WeChat
MGWG0405,feestl594,pagach216,Thu May 13 01:31:44 EDT 2021,WeChat
IVCB7175,stoltenbergr357,waelchir860,Sun Dec 08 17:18:54 EST 2019,Twitter
FTMF7346,zulaufi247,uptonj554,Mon Mar 11 14:06:04 EDT 2019,Discord
TWRJ5384,wymanm17,gleasonm314,Tue Apr 05 11:52:47 EDT 2022,Twitch
LGDZ7711,gleasong547,mullerb25,Sun Oct 21 05:55:23 EDT 2018,Instagram
KLXP2509,littlec465,herzogk542,Sat Aug 15 03:30:04 EDT 2020,TikTok
XVDI0344,wisozke255,lynchm105,Fri Mar 17 22:23:48 EDT 2017,Facebook
OLMZ7394,mcclurer244,mcglynnw784,Thu Aug 08 10:50:38 EDT 2013,WhatsApp
FQLD5143,corkeryz648,mcglynng144,Fri Dec 11 04:53:05 EST 2020,LinkedIn
VZPK5015,mcglynnw784,jonesh389,Wed Jul 23 17:59:55 EDT 2014,WhatsApp
RHQN9069,mcdermotte255,emardb954,Mon Jun 28 11:44:51 EDT 2021,Reddit
LDJE7005,litteln700,wehnerd405,Sun Jun 25 05:41:49 EDT 2023,Pintrest
VKMJ2468,bradtkel888,uptonj554,Tue Sep 27 10:27:49 EDT 2022,TikTok
MKII3701,hillld192,cronal143,Mon Oct 22 18:01:34 EDT 2018,WeChat
HXDG7130,gislasonf964,kuvalisb395,Fri Nov 04 07:03:15 EDT 2022,Twitter
TRLZ8488,pollichd379,schuppej936,Mon Oct 05 22:50:56 EDT 2020,Twitter
QRHE9221,bechtelarb928,bradtked695,Tue Jan 21 00:14:01 EST 2020,Reddit
BDKK0016,sipesj826,batzb671,Fri Sep 13 03:57:52 EDT 2019,Discord
HEVP0047,grahamf775,raynort153,Thu May 09 16:10:49 EDT 2019,Pintrest
KRKP7297,mitchella114,boscog842,Sun Sep 22 03:21:06 EDT 2013,Twitter
YDHB4274,swifts874,rowef914,Mon Dec 09 13:02:33 EST 2019,YouTube
XGWW6500,purdyj343,baileyd49,Thu Aug 06 14:59:42 EDT 2015,YouTube
RNKF0957,wisokyt558,boehmq537,Sun Nov 05 03:29:59 EST 2017,YouTube
EXRT2599,kshlerino898,hermistonj187,Thu Feb 22 23:05:25 EST 2018,YouTube
PXAD6022,flatleyc206,luettgene713,Thu Jan 02 08:25:42 EST 2014,Twitch
BQMC2572,greena899,corkeryz648,Tue Feb 18 23:07:39 EST 2014,TikTok
MKFO3060,wolffd285,wisozke255,Sun Jan 29 17:26:50 EST 2023,TikTok
GFDU9039,davisv209,sanfordc841,Fri Jan 31 17:00:51 EST 2014,Discord
BKGZ4960,ullrichb806,kovaceks162,Sat Jun 30 17:57:13 EDT 2018,Snapchat
NBKE3681,wunschs796,pourosd564,Sat Apr 15 23:24:11 EDT 2017,Twitter
SBTU9870,breitenberga684,glovert532,Tue Jun 16 06:19:59 EDT 2015,WeChat
FANH0238,haagm243,herzogg587,Mon Jun 29 02:48:29 EDT 2015,TikTok
AAZF3637,blockh633,hicklef845,Mon Jan 28 17:22:04 EST 2019,Reddit
MRGU7247,cartert356,greenw573,Thu Mar 02 15:15:11 EST 2023,WhatsApp
ZAIE2745,howella757,littelo193,Sun Jan 26 13:07:43 EST 2020,Telegram
VQTS3612,kassulked891,rohank195,Thu Nov 19 22:48:03 EST 2020,Twitter
BFQU8958,darel127,parisianv926,Fri Jan 29 00:31:40 EST 2021,TikTok
GGPR4137,o'haraw614,langoshc322,Wed May 05 10:17:41 EDT 2021,Snapchat
AUPP8984,rutherfordp788,sauerk504,Sat Jan 29 08:29:56 EST 2022,Discord
DZZU8893,maggioz716,gusikowskir444,Fri Dec 17 18:31:42 EST 2021,Facebook
ETZM7954,bradtkek385,harveyd386,Tue Apr 16 07:02:06 EDT 2019,Twitter
XOYS6001,waltert691,kunden732,Tue Nov 24 01:44:03 EST 2020,Snapchat
LLOI1281,hansena668,zemlakb63,Tue Feb 03 10:23:01 EST 2015,Facebook
SJVD9028,mclaughlink76,jakubowskil675,Tue Nov 14 15:57:09 EST 2017,LinkedIn
OMUE4990,nicolasj302,buckridgea653,Fri Dec 09 18:38:00 EST 2016,WhatsApp
KGSM2023,kuhnn576,crookse313,Tue Apr 27 06:47:07 EDT 2021,WhatsApp
DGLF9810,wisozkn484,torpj325,Thu May 28 10:26:30 EDT 2020,Pintrest
IDTR3563,gerlacht909,nienowm179,Mon Feb 07 02:44:53 EST 2022,WeChat
KGTT1379,harberg677,waltera243,Sun Nov 20 05:14:34 EST 2016,WeChat
FMGW0415,tillmand734,ankundings495,Mon May 21 20:11:26 EDT 2018,YouTube
BEJV0715,bartonl904,boyler167,Wed Feb 28 11:39:16 EST 2018,Snapchat
DBBW7789,marvina701,zemlakl657,Sat Aug 01 18:39:49 EDT 2020,Reddit
SIXA9256,ankundings495,wardk378,Tue Aug 23 20:43:08 EDT 2016,WhatsApp
YRFX4408,nienowk740,huelk835,Mon Sep 11 03:51:34 EDT 2017,Instagram
ILRB4713,starks887,kihna264,Sun Oct 21 10:30:45 EDT 2018,TikTok
EKJS4676,mayerf864,reingert979,Fri Jan 17 19:06:40 EST 2020,Instagram
CBQL9844,reicherte294,watersp455,Fri May 05 06:32:55 EDT 2017,Snapchat
YXJT3528,crooksm348,macejkovicb100,Fri Feb 08 15:19:05 EST 2019,Instagram
NPHX9497,monahanm435,kochs88,Fri Jun 17 00:13:09 EDT 2016,Discord
BCYA7674,jacobsonn331,dubuquem831,Tue Nov 26 18:39:54 EST 2013,Pintrest
QTMK8649,kautzerb241,trompt389,Fri Dec 19 15:34:26 EST 2014,TikTok
YFJV1434,hayesc579,leschj571,Tue May 22 13:35:52 EDT 2018,Twitch
FDTQ2843,kshlerinl529,hartmanng912,Sat Oct 03 17:18:31 EDT 2020,TikTok
JLQG8488,pagaca977,rodriguezi147,Thu Dec 15 15:08:43 EST 2016,Instagram
AWGC4258,lubowitzv160,klockos97,Thu Dec 10 17:28:21 EST 2015,Reddit
CHCR2907,rosenbaumj836,mantew492,Sat Jan 07 18:06:15 EST 2017,Snapchat
ZASP2963,kesslerv327,herzogk542,Tue Jun 02 09:01:19 EDT 2015,Twitch
MEUK6946,pfannerstillk975,skilest298,Fri Feb 06 20:45:15 EST 2015,Telegram
BWFV9194,ullrichb806,breitenberga684,Sat Oct 15 04:16:40 EDT 2022,Telegram
CHYH9706,heidenreichk445,davisc306,Thu May 01 04:01:12 EDT 2014,Pintrest
BDOY7920,gottliebj6,oberbrunnerd722,Thu Aug 08 15:26:07 EDT 2013,Snapchat
QZLK1149,mcdermotte255,sipesl928,Tue Oct 15 23:19:29 EDT 2019,Instagram
CCUG1811,linda372,stammc133,Wed Mar 12 17:58:06 EDT 2014,Twitter
JGTK9094,rathw599,larsoni708,Tue Nov 14 11:16:54 EST 2017,Instagram
FKGZ5348,trantowb859,aufderhard683,Sat Jun 17 13:26:36 EDT 2017,LinkedIn
EWWP1077,brownj621,corwina78,Wed Dec 14 01:11:53 EST 2016,Reddit
ZFQF5436,johnstonr971,stromanr234,Tue Jul 07 12:43:38 EDT 2020,YouTube
KTOJ8604,rogahnt312,hudsonw796,Sun Nov 18 13:50:53 EST 2018,Instagram
KXJW2014,beattyc565,batzb671,Tue Oct 13 04:32:30 EDT 2015,Instagram
VSCZ6390,kesslerv327,macejkovico526,Fri Jul 02 12:30:17 EDT 2021,Instagram
SLWZ5987,wiegandl430,faheyt307,Sun Aug 07 23:30:18 EDT 2022,Telegram
FQTN1331,collierc920,rempelc95,Thu Oct 14 21:41:04 EDT 2021,LinkedIn
TJRM4689,collierm503,ondrickac388,Wed Apr 15 20:15:16 EDT 2015,TikTok
JDXH8160,hermistonr936,creminc448,Wed Oct 11 12:04:12 EDT 2017,TikTok
QTRH3975,stehrg725,gottliebk839,Wed Oct 23 00:03:44 EDT 2019,Facebook
MADR6420,oberbrunnert814,trompr152,Tue Mar 16 06:47:41 EDT 2021,Twitch
DVUU6937,emardb182,satterfieldr845,Thu Aug 02 06:14:19 EDT 2018,WeChat
PADR2206,monahanm435,powlowskil434,Thu Jul 17 05:39:20 EDT 2014,Telegram
LTAR5900,waelchir860,pfefferc418,Fri Jun 03 14:27:51 EDT 2022,WeChat
LDNU9945,kuhnj689,townea439,Thu Jun 24 02:47:42 EDT 2021,Instagram
CWNU9577,waltert691,collinsl907,Tue Mar 31 13:08:01 EDT 2015,YouTube
KFKY9024,trantowb859,fritschd453,Sat Jan 19 01:09:49 EST 2019,Facebook
EUPN0254,stracker910,erdmanl21,Mon Jan 31 00:23:11 EST 2022,Facebook
NHVB0819,brownd824,rodriguezi147,Sun Dec 26 22:23:09 EST 2021,Facebook
ZTDA6142,adamsr277,wisokym684,Tue Dec 20 14:03:47 EST 2016,Snapchat
BGUY0609,zemlakl657,kautzerf316,Wed Dec 06 06:43:33 EST 2017,Twitch
QEHW7309,nolanv88,hirthea88,Sun Jul 27 19:48:07 EDT 2014,Reddit
ZEFA8870,beierb436,wildermanb758,Thu Sep 14 23:26:25 EDT 2017,TikTok
CQEM6533,moorer825,pfannerstillt178,Mon May 21 09:35:02 EDT 2018,Telegram
APMK9285,parisiana700,thiels257,Sun Sep 21 13:30:45 EDT 2014,LinkedIn
KITC1051,d'amorec550,strosiny740,Thu Mar 06 15:17:44 EST 2014,Snapchat
WVEN5401,harveym523,goldnerc226,Sat Oct 15 12:25:30 EDT 2022,Instagram
UYIG6592,nadero781,moored286,Thu Jul 09 15:04:05 EDT 2020,LinkedIn
QKFN7334,o'konb338,doyles746,Wed Jun 23 01:57:47 EDT 2021,Facebook
NEVR7208,hirthea88,morard842,Fri May 29 01:39:48 EDT 2020,Instagram
EQNH8905,boder225,ernserk156,Sun Jul 26 13:20:31 EDT 2015,Discord
KZSS5880,wunschl46,halvorsonc869,Thu Jun 11 04:01:20 EDT 2020,Telegram
WVZV0827,o'reillys349,gutkowskil701,Tue Jun 07 10:54:32 EDT 2016,Snapchat
CGKM7905,gulgowskiv226,breitenbergc281,Thu Jun 15 02:17:04 EDT 2017,Facebook
IGOQ3852,kautzerb241,mclaughlink76,Sat Dec 20 02:36:12 EST 2014,Twitch
UHJP4702,baileyd49,jerdej272,Mon Jul 06 00:44:14 EDT 2015,WhatsApp
ADNT5887,rempelm296,boscog842,Sun Nov 29 08:15:21 EST 2015,Discord
CVSW7025,erdmanl21,bogisicha197,Thu May 20 20:23:36 EDT 2021,WhatsApp
JZXH9699,auerl529,gleasonk173,Sun Feb 17 12:27:22 EST 2019,Instagram
IRTE4212,durganr751,lynchm105,Mon Feb 08 22:29:30 EST 2021,YouTube
RSXA8679,goodwinj756,bahringerd155,Fri Jun 03 04:36:38 EDT 2022,Facebook
AOIB9362,williamsonk777,jacobib747,Fri Jul 04 22:31:57 EDT 2014,Twitter
UAFF5249,boyera331,trantowb859,Fri Jan 01 16:40:07 EST 2016,Instagram
KJNJ8940,fisherf19,watersp455,Thu May 30 21:27:21 EDT 2019,TikTok
ZVUE8367,dubuquem831,schambergerb759,Mon Oct 23 03:46:34 EDT 2017,Twitch
NTOV8103,stracker910,crooksc280,Fri Nov 12 03:27:48 EST 2021,WeChat
GLKP4477,mcglynns24,auerf298,Mon May 20 00:41:58 EDT 2019,Telegram
JMCN1667,beattym376,kesslerv327,Sat Jul 15 10:54:28 EDT 2017,YouTube
BMMT5425,bechtelars317,mrazl854,Sat Dec 17 04:20:23 EST 2022,Reddit
QUMN9308,smithc83,emardb182,Sun May 18 19:55:02 EDT 2014,Telegram
ARVF1818,gerlachs976,haagr502,Sun Dec 17 14:20:24 EST 2017,YouTube
SBAM5717,morarf496,sanfordc841,Wed Oct 11 16:30:02 EDT 2017,Twitter
LUVL7662,braunc322,reingerf28,Sun May 22 22:57:39 EDT 2022,WeChat
KWNO4630,krisk812,metzq194,Sat Dec 14 11:17:28 EST 2013,TikTok
ALCW8953,grimest437,yundtl632,Tue Dec 10 00:09:04 EST 2019,Reddit
TZQF7296,sauerk504,stehrj68,Tue Oct 12 21:35:31 EDT 2021,Instagram
PSDZ1346,wardr646,donnellyj355,Sat Oct 21 11:28:16 EDT 2017,Pintrest
KRVK3177,baumbachr388,bechtelarb928,Sat Oct 06 08:16:00 EDT 2018,LinkedIn
RPTJ9369,feeneyt129,mclaughlins817,Sat Oct 17 08:11:06 EDT 2020,Instagram
TVID6921,jacobsonk864,pfefferc418,Tue Jan 27 14:06:59 EST 2015,TikTok
ENDA2555,emardb182,waelchiw968,Sat Apr 25 22:30:34 EDT 2015,WeChat
VUAA1088,sporers755,champling497,Wed Aug 14 22:20:09 EDT 2019,Facebook
VLWM7776,beattyc565,pacochak166,Mon Nov 05 16:34:40 EST 2018,Reddit
YKAX9659,keelingd33,olsonw636,Sat Jun 27 00:33:35 EDT 2015,YouTube
LJCZ3464,pfannerstillt178,huelc949,Sun May 02 17:33:34 EDT 2021,YouTube
GOSX0394,hudsonb801,kunzes113,Fri Oct 30 11:02:59 EDT 2015,Discord
IYBC8707,koeppm741,hintzk867,Fri Jun 02 14:27:09 EDT 2023,Reddit
KJLO2579,kautzerb241,ricek626,Tue Jan 13 16:01:18 EST 2015,TikTok
CWMX1692,harrise476,auerf298,Fri Dec 12 14:25:32 EST 2014,Telegram
XRFC7780,weissnata386,schummc916,Wed Dec 23 21:44:02 EST 2020,Discord
UZLL4640,aufderhard683,hamilla751,Sun Jun 13 00:17:25 EDT 2021,Pintrest
GWUB7500,aufderhare915,lebsackj31,Wed Aug 26 10:07:59 EDT 2020,Facebook
QPNX1950,bechtelarb928,boscog842,Tue Dec 02 22:34:49 EST 2014,Reddit
QAIG6104,hillld192,adamse46,Sat May 12 03:16:22 EDT 2018,Pintrest
CNEB4778,denesiks803,grimest437,Mon May 25 13:29:27 EDT 2020,Reddit
UVVO4658,bartonl904,collierc920,Sun Apr 17 14:55:29 EDT 2016,Reddit
DXZI6563,wisokyt558,weimannr918,Thu May 03 06:44:41 EDT 2018,Facebook
EZIE5705,corkeryl943,o'haraw614,Sat Jul 25 02:06:20 EDT 2015,Reddit
FHRN1034,bergnaumc2,stromanr234,Mon Jul 30 00:43:12 EDT 2018,Discord
BMEX4229,wisozka882,rathw599,Tue Jan 31 16:56:16 EST 2017,Instagram
FUJK1975,hanej324,mayerj156,Thu Mar 02 00:22:37 EST 2017,Snapchat
EQZK8693,reingerf28,wymana150,Wed Jun 05 10:32:34 EDT 2019,Twitch
TTWB7420,macejkovico526,caspera448,Sun Jan 19 15:41:54 EST 2020,Pintrest
RJTU1668,jaskolskid478,schneiderd799,Sat Dec 03 08:31:45 EST 2016,Telegram
KRGT3674,littelo193,harveyd386,Mon Apr 28 01:45:52 EDT 2014,LinkedIn
STHJ2269,dubuquec806,lowei15,Sat Sep 17 21:54:25 EDT 2022,Snapchat
JAWC1385,schambergerb759,smithaml119,Wed Jun 24 23:50:05 EDT 2020,Telegram
MVIL3972,torpa578,gerlachs976,Mon Feb 19 00:07:22 EST 2018,Twitch
UVDM4433,bogisiche421,dooleye195,Sat Oct 22 12:44:33 EDT 2022,Twitch
DZHY0279,legrosc619,krisb508,Thu Jul 29 18:32:32 EDT 2021,LinkedIn
OZMM0794,walterb352,rueckerk527,Fri Jan 17 02:57:13 EST 2020,YouTube
XESQ8397,auerf298,carterp233,Sat Dec 25 13:51:36 EST 2021,TikTok
XXPC9929,padbergm823,ricek626,Sat Jun 21 00:35:53 EDT 2014,Instagram
TYQP0547,casperl273,labadied525,Fri Feb 05 23:56:55 EST 2016,WhatsApp
EFFW6060,emardd871,uptonj554,Fri Oct 29 21:49:02 EDT 2021,Twitter
PMZY6767,reingert979,kautzerf316,Sat Oct 16 11:51:25 EDT 2021,TikTok
LFYE9687,ebertd882,zulaufd581,Tue Aug 15 02:08:51 EDT 2017,Instagram
GREA8360,osinskic128,croninb89,Fri Mar 27 12:35:17 EDT 2015,Facebook
SFYA5310,lebsacke545,dubuquec806,Sat Mar 21 04:53:35 EDT 2020,WeChat
RAVF7930,walterc537,tillmanc20,Fri Nov 04 03:21:22 EDT 2022,Instagram
MAIK3212,colliern768,rohank195,Mon May 27 12:49:34 EDT 2019,Snapchat
TBBB4008,casperl273,webers930,Sat Nov 23 22:37:43 EST 2019,TikTok
ZDVJ8283,bogisicha197,champling497,Thu Jan 11 03:16:12 EST 2018,WeChat
YZHR3444,kihnc793,hagenese56,Sat Apr 22 02:20:35 EDT 2023,Discord
WUQN3336,haagm243,schmelerm785,Wed Jan 07 08:16:20 EST 2015,Snapchat
ODRB0991,connellys261,strosiny740,Fri Jul 06 10:20:57 EDT 2018,Facebook
WMXA8379,corkerye552,darel127,Sun May 27 21:05:36 EDT 2018,WeChat
RJUX8499,carrollk772,paucekp292,Thu Aug 20 09:32:32 EDT 2015,Pintrest
BLAK1218,schneiderd799,zulaufi247,Tue Sep 19 06:36:53 EDT 2017,YouTube
PVIK5289,bogisicho381,vonruedenk312,Sun Jun 26 17:56:37 EDT 2016,Twitter
SWNS3496,brownh735,tremblayk241,Wed Jun 17 13:19:31 EDT 2015,YouTube
OQIS0832,corwina78,wunschl450,Sun Mar 08 08:58:44 EDT 2015,WeChat
JTFX5363,kossi885,beahana554,Tue Jan 08 15:17:50 EST 2019,Instagram
PNJA1711,hilpertd156,kochr138,Fri May 20 20:39:26 EDT 2016,Facebook
NGNC3113,lockmanm749,stiedemannc453,Mon Apr 22 19:24:10 EDT 2019,Reddit
PBUU9131,colek228,huelk835,Wed Oct 17 14:23:42 EDT 2018,LinkedIn
QSLI9740,gloverd727,medhurstd838,Thu Aug 25 21:22:02 EDT 2016,Pintrest
VGCT7623,hermannh95,oberbrunnere808,Sun Sep 25 07:19:24 EDT 2016,WhatsApp
SHWH7510,bartellg962,wunschl46,Tue Jan 26 14:51:24 EST 2016,Snapchat
GFBN1767,ornk865,raul385,Thu Nov 10 23:35:01 EST 2022,TikTok
CDQT1919,mrazf680,heidenreichs183,Sun Jul 30 20:57:15 EDT 2017,Twitch
SLKU5450,cartere669,larsoni708,Sat Jan 14 15:45:51 EST 2017,Reddit
KKGF3469,kozeyt712,dickensm198,Sun Jul 18 22:20:36 EDT 2021,LinkedIn
XVZG3721,greenr39,grahaml294,Thu Jun 29 00:54:47 EDT 2017,TikTok
IBGN6447,mohrw241,kautzerc59,Sat Jun 03 22:00:14 EDT 2023,Twitch
PLGF1623,nolanv88,wunschl450,Sat Dec 21 19:34:35 EST 2019,YouTube
BJMJ2692,ricek626,durganc332,Sat Oct 10 21:27:28 EDT 2020,Facebook
GQJX9149,kertzmanne150,adamsr277,Tue Jan 19 04:05:15 EST 2016,Facebook
OVNT9432,yostv682,feestl594,Mon Sep 06 21:03:38 EDT 2021,WeChat
YFQK8701,bergep212,kleina832,Mon Jan 28 22:18:20 EST 2019,Discord
BANR1595,rathb59,hayesc579,Sat Mar 16 18:10:08 EDT 2019,Facebook
NZGB0873,reingerd309,cristk144,Sat Jun 16 04:43:48 EDT 2018,Twitch
MKFN1963,goldnert265,aufderharb462,Mon Nov 18 07:45:59 EST 2013,Facebook
UJWN8481,kuhnj689,jaskolskil832,Fri Aug 05 09:55:44 EDT 2022,TikTok
TWFV0101,purdyr758,wolffj211,Thu Sep 05 16:41:26 EDT 2019,TikTok
LHLV9333,metzq194,bergnaumf435,Tue May 26 18:33:02 EDT 2015,Twitch
OQZN5358,osinskik861,steuberr874,Thu Apr 07 23:39:53 EDT 2022,Instagram
EHZY7376,schulistj463,mosciskij794,Thu Apr 21 22:02:44 EDT 2022,Pintrest
UHTM2877,wunschl202,hagenesk461,Sat Oct 10 13:17:23 EDT 2020,TikTok
YHHN3544,krisc75,casperd611,Wed Jul 08 18:16:09 EDT 2015,Twitter
BUPQ7231,feila98,gottliebj6,Thu May 19 17:52:51 EDT 2016,WhatsApp
YCWL4884,o'keefej323,johnstond817,Fri Feb 02 02:31:40 EST 2018,YouTube
ULMX7681,millsp479,buckridgen630,Sat Aug 11 18:33:38 EDT 2018,Twitch
XHHW8032,mrazm980,reicherte294,Fri Aug 14 23:34:55 EDT 2020,WeChat
GWJU3249,lebsacke545,haleyd742,Thu Jun 27 08:05:04 EDT 2019,TikTok
CJVY3133,kossi885,beahanw286,Sat Sep 14 15:38:17 EDT 2019,LinkedIn
DXTT4715,schillerj576,olsonw636,Thu Jul 11 06:44:04 EDT 2019,Snapchat
SKQM1637,huelk835,harveyd386,Sat Jul 09 12:28:42 EDT 2022,Facebook
TTDZ6807,aufderharj754,dubuquec806,Thu Jun 18 14:11:03 EDT 2015,Pintrest
MZNW5071,glovert532,rolfsonm95,Fri Jun 11 21:20:58 EDT 2021,Instagram
UZDX0725,bahringerc205,moorea904,Sun Sep 21 01:27:04 EDT 2014,Twitch
WMEJ3121,steuberg686,wisozkn484,Mon Nov 03 23:17:33 EST 2014,LinkedIn
EUCM3114,kirlinc322,mrazf680,Tue Nov 03 23:24:29 EST 2020,TikTok
MKKS3567,toyl762,schuppej936,Thu Aug 12 21:35:08 EDT 2021,Twitter
JEWN1484,denesiks803,rogahns428,Tue Nov 01 12:18:39 EDT 2022,Twitch
KVWS4806,cremink342,huelm778,Mon Apr 13 01:01:44 EDT 2015,Snapchat
DMPJ5340,gerlacht909,hermant178,Wed Dec 18 19:55:04 EST 2013,Telegram
HBPT5797,muellerc709,kohlerw951,Fri Dec 25 21:20:20 EST 2015,WhatsApp
TEID3643,cremink342,swifte863,Wed Jul 10 10:02:59 EDT 2013,LinkedIn
DBMZ0572,aufderhare915,metzr640,Mon Oct 31 16:26:00 EDT 2022,WeChat
GGVF9005,bechtelarb928,jonesh389,Tue Dec 18 20:45:00 EST 2018,WhatsApp
KPJS5906,smithc83,christiansenr543,Sat Apr 26 22:36:00 EDT 2014,Telegram
TLIM6569,padbergt350,wunschl46,Thu Jun 03 00:25:59 EDT 2021,YouTube
QKMM5910,weissnatn173,jacobir289,Sat Jun 17 14:33:49 EDT 2017,WeChat
MHYQ6284,nikolausd18,lindgrena924,Tue Sep 29 21:18:23 EDT 2015,Instagram
HHGQ5401,krism36,corwinw105,Fri Apr 01 18:11:31 EDT 2016,Facebook
ZOZU9410,corkerym545,heathcotea663,Thu Dec 10 17:25:22 EST 2020,WhatsApp
XCBW9465,ankundingd172,herzoge476,Tue Jul 30 20:29:51 EDT 2013,YouTube
IAIH9994,o'konb338,ebertd882,Sat Mar 27 21:39:37 EDT 2021,Twitter
ALNM7805,metzr640,metzg744,Sun Dec 01 00:56:12 EST 2013,WhatsApp
HPWO7488,metzr640,oberbrunnere808,Fri May 19 14:52:38 EDT 2017,Telegram
OEXH1696,champlinf956,bergep212,Wed Feb 02 13:24:32 EST 2022,Snapchat
DIWD8181,hermistong57,terryc176,Wed May 31 05:30:32 EDT 2017,Snapchat
UTUE8411,emardb954,heathcotea663,Mon May 09 03:46:49 EDT 2022,Telegram
WAKQ8864,pagach216,steuberg686,Tue Mar 08 09:23:47 EST 2022,Snapchat
EHQG3299,collierk780,streichl471,Tue May 19 09:43:08 EDT 2020,Reddit
HXTG4149,bartoni873,wolffc409,Sun Jan 17 19:22:50 EST 2021,Facebook
YDQR3901,wintheiserv845,schroederj493,Mon Jul 29 04:16:50 EDT 2019,Pintrest
UKUK9952,mayerf864,thiels257,Mon Nov 08 01:09:33 EST 2021,Pintrest
FBRW9152,legrosv828,breitenberga32,Wed Apr 01 01:39:52 EDT 2020,LinkedIn
YLDE4048,pfannerstillk975,huelse809,Mon Feb 09 14:10:19 EST 2015,TikTok
TXER8456,naderm456,larsoni708,Sat Jun 07 16:37:52 EDT 2014,WhatsApp
HRWK9731,townea439,jakubowskil675,Sun Dec 18 09:17:01 EST 2016,Discord
AHGM0101,croniny262,bahringerd155,Mon Oct 14 07:45:30 EDT 2013,Discord
OVNL5098,wolffg170,schmittd635,Fri Jun 12 23:47:17 EDT 2015,Telegram
XPCH1651,gottliebj6,o'connerd942,Sat Dec 18 02:03:56 EST 2021,Reddit
UUNO5893,willmsp761,baumbachr499,Fri May 21 17:14:32 EDT 2021,Telegram
ORZL1899,rolfsoni253,litteln700,Tue Dec 28 11:50:21 EST 2021,Instagram
USYA5328,macejkovics263,ricem694,Sun Apr 21 10:19:05 EDT 2019,LinkedIn
MWKX7049,hamilla751,jakubowskil675,Sat Jun 05 11:16:09 EDT 2021,Pintrest
ZKDP5468,cronam675,ullrichb806,Mon Sep 11 15:05:29 EDT 2017,Telegram
ZZYO9366,gleichnerw604,abernathyb678,Thu Dec 03 06:02:19 EST 2015,LinkedIn
UAKV6242,hicklef845,rathb59,Fri Dec 04 06:49:36 EST 2020,YouTube
QIUE5729,ankundingd172,torpj325,Sun Sep 04 04:46:05 EDT 2016,Pintrest
OZEI5453,milleri319,bergstromd379,Fri Jun 28 21:38:53 EDT 2019,Twitch
PZQZ0055,schneiderj674,lynchm105,Sun Aug 14 14:23:51 EDT 2016,Telegram
KYID5056,rutherfordw617,johnstonr971,Mon Apr 07 06:11:41 EDT 2014,Facebook
LGQX6506,walterm431,hands781,Mon Aug 15 03:08:34 EDT 2022,YouTube
RSSW9572,metzg744,zemlakb63,Sun Dec 03 23:54:32 EST 2017,WeChat
GHGF5184,fisherl880,connellys261,Fri Oct 19 00:18:13 EDT 2018,Instagram
LBBJ7320,cristk144,stantonj236,Thu Nov 21 16:15:35 EST 2013,Snapchat
JXTM5102,nolanh769,muellerc709,Tue Jun 06 13:48:23 EDT 2023,TikTok
CYNX9524,jacobiv7,pacochak166,Tue Dec 18 11:33:32 EST 2018,Discord
RPBA0706,windlers337,trantowr83,Fri Dec 24 03:37:57 EST 2021,Facebook
EVTK0445,leuschkel98,schummh963,Wed Sep 01 13:05:27 EDT 2021,Telegram
PCVV3389,kunzed946,metzr640,Sun Mar 11 15:19:50 EDT 2018,Telegram
ZNAM0745,wolfn952,mitchella114,Wed Jul 24 08:12:48 EDT 2019,WeChat
EMRA3412,starks887,corwinw105,Mon Dec 09 16:39:21 EST 2013,Facebook
HHAM4314,hicklef845,kuhnm282,Thu Aug 15 00:34:28 EDT 2013,Snapchat
REUC9415,schmelerm785,robertsc676,Mon Dec 15 11:34:46 EST 2014,WhatsApp
LQRC1798,torpc4,hirthea88,Sat Aug 04 17:02:11 EDT 2018,Twitter
BEJP8519,oberbrunnerm754,kiehnm890,Wed Nov 24 23:26:28 EST 2021,Twitter
RJTY0463,kunzes113,parisianj702,Thu Jun 20 13:02:56 EDT 2019,WeChat
RFLS5218,abernathyl666,ratkev602,Sun Nov 24 15:59:06 EST 2019,LinkedIn
ARQB3113,klockol769,carrollk772,Fri Feb 10 14:53:04 EST 2023,TikTok
VWHU8963,turcottew90,yundtl632,Mon Sep 10 08:32:33 EDT 2018,Pintrest
EQFT6615,lueilwitzm437,cronins54,Mon Dec 23 02:03:25 EST 2013,Pintrest
JAYJ5766,maggioz716,leschc526,Tue Mar 08 02:35:18 EST 2016,LinkedIn
ZWTJ9771,bartolettir839,weissnatk845,Sat Oct 08 02:17:21 EDT 2022,Twitch
WNHR2299,simonisa421,kassulked891,Sat Mar 21 03:50:57 EDT 2015,Instagram
GREW8150,huelm778,connellye518,Tue Jul 28 08:55:47 EDT 2015,Reddit
DFHE6436,bahringerk468,ondrickac388,Mon Sep 09 00:39:07 EDT 2019,Snapchat
FAVP4318,parisianj702,beckere497,Thu Mar 23 10:12:09 EDT 2023,WhatsApp
SWJB4010,fritschd453,ernserk156,Wed Nov 30 00:07:09 EST 2022,WeChat
VKXZ2925,millerw196,cummingsk588,Sun Jan 19 22:42:04 EST 2020,Discord
IYYV2807,bruens750,bergstromd379,Tue May 29 12:46:52 EDT 2018,Pintrest
XKGF3678,metzq194,rosenbaumj98,Wed Jan 09 19:17:29 EST 2019,LinkedIn
YSLD5111,krism36,schaeferd370,Mon Nov 07 14:08:28 EST 2022,Twitter
AZPV5462,padbergm823,ziemannc600,Sun Sep 27 01:30:00 EDT 2020,Snapchat
ALJO2535,cummeratam970,oberbrunnerm754,Sun Feb 17 08:11:26 EST 2019,TikTok
CTXL0544,braunn855,konopelskid141,Wed Nov 09 13:21:28 EST 2016,WeChat
UNLN8616,wolffj841,lebsacke545,Sat Jun 12 04:26:12 EDT 2021,WhatsApp
ZTRY2842,wunschl450,linds673,Wed Jun 19 03:06:16 EDT 2019,WhatsApp
IFSV6722,runtea547,schroedero883,Tue Jun 19 00:17:51 EDT 2018,Instagram
NEEI6123,quitzons595,brownj621,Sun Jan 20 18:16:22 EST 2019,TikTok
SUFF4034,klingm672,linda372,Thu Mar 26 22:23:25 EDT 2020,Telegram
BHMS5609,bogisicha197,dickensc376,Sun Feb 02 12:15:35 EST 2014,LinkedIn
JEAY3910,schillerf453,lueilwitzm437,Thu Sep 03 01:23:35 EDT 2020,LinkedIn
BFOQ1537,oberbrunnerc410,trantowb859,Fri Jul 02 03:42:41 EDT 2021,LinkedIn
WJAF9028,kovacekr753,zulaufi247,Sun Jun 09 18:37:38 EDT 2019,Facebook
SIVO9460,schmittv290,hermannl552,Wed Feb 15 13:43:16 EST 2017,Instagram
RKSO4038,haagr502,lynchm105,Sat Mar 19 20:34:23 EDT 2016,Pintrest
FVLU9888,konopelskid141,rueckerg626,Sat Oct 08 11:12:41 EDT 2016,Twitter
GAXU7320,beckere497,sporers755,Sat Jul 11 14:31:42 EDT 2020,TikTok
NKGF9786,kohlerc271,millerb218,Tue Jul 07 02:50:59 EDT 2015,Telegram
RFZY5385,willmsl476,turcottef788,Sun Jun 22 23:49:40 EDT 2014,Instagram
VJLT7848,handp20,gleasonm314,Thu Oct 25 14:06:42 EDT 2018,Twitter
XMLV1062,hamilla751,berged670,Tue Apr 02 01:36:05 EDT 2019,LinkedIn
VBMS5507,o'haraw614,webers912,Thu Aug 22 07:18:14 EDT 2013,Pintrest
BXMN2000,streichl471,strosind694,Thu Dec 22 20:50:39 EST 2016,Facebook
QXYT8180,mclaughling141,klockod197,Wed Feb 20 11:27:33 EST 2019,Snapchat
XQGV9436,hermannh95,sporerr467,Mon Feb 03 09:29:24 EST 2020,Reddit
JNXV7151,walterm431,gradym951,Thu Sep 12 14:50:18 EDT 2013,Instagram
MDPB1649,schowalterd783,barrowsa668,Wed Nov 08 23:25:42 EST 2017,WeChat
OXIX1643,kemmerr270,gleasonm191,Thu Mar 13 02:20:18 EDT 2014,Telegram
XCYG6251,nienowj724,wisozke255,Thu Aug 20 04:59:19 EDT 2015,WeChat
TLVH4252,strosiny740,johnstond817,Thu Nov 01 10:16:48 EDT 2018,Reddit
IWYU4601,moorer825,naderm456,Wed Jun 06 08:14:17 EDT 2018,LinkedIn
JLGU4690,muellerj486,haleyk716,Wed Dec 16 03:49:57 EST 2020,TikTok
UNUZ7022,schummh963,weissnatt644,Sun Feb 21 09:58:41 EST 2016,YouTube
DRAU1818,heathcotea663,stoltenbergl30,Fri Sep 06 14:22:40 EDT 2013,TikTok
OEHS5645,pagact545,nitzscher502,Fri Oct 28 05:43:44 EDT 2022,Twitter
OOSM0818,sanfordw275,bergstromd379,Sun Nov 01 16:46:57 EST 2020,Facebook
YPBI4246,blockj887,wolffg170,Fri Dec 31 09:30:27 EST 2021,LinkedIn
VQUY5686,monahanm435,zemlakb63,Wed Nov 15 15:29:04 EST 2017,Pintrest
VABF9533,dietrichf919,emardb182,Fri Dec 01 23:11:54 EST 2017,YouTube
PPHA6984,willmsl476,donnellyj355,Thu Oct 30 21:20:35 EDT 2014,Discord
ARRT1522,trompt389,gerlacht909,Mon Jan 17 17:58:16 EST 2022,Twitch
LLGT4707,vonruedenl397,hoppem189,Thu Jul 22 20:13:49 EDT 2021,LinkedIn
LAWW2309,weissnatn173,bahringerc205,Thu Jun 15 01:22:47 EDT 2017,Twitch
ZGIE4018,lowei15,schmelerm785,Fri Nov 07 01:23:51 EST 2014,Facebook
HPLQ1180,rodriguezl342,jacobsonj485,Fri Jun 11 11:21:58 EDT 2021,Reddit
DHWK9162,hueld517,waelchil2,Sun May 20 01:56:11 EDT 2018,TikTok
CFNS0380,brakusl307,mcdermotte255,Sun Oct 07 15:31:26 EDT 2018,YouTube
BYQX4675,trantowr83,greenholtd645,Sat Apr 25 15:21:04 EDT 2020,Telegram
IQIA3357,turcottei688,jonesh389,Fri Mar 11 09:45:59 EST 2022,Pintrest
CHJS8105,botsfordr127,mcglynns24,Sat Jan 24 17:03:52 EST 2015,WhatsApp
LONK6719,goldnert265,watsicaf787,Fri Feb 22 12:20:06 EST 2019,Pintrest
SHFY5192,feestc641,windlerb526,Fri Nov 23 16:59:44 EST 2018,YouTube
FWOJ7595,bergee907,lynchm105,Thu Nov 24 14:10:59 EST 2016,LinkedIn
AHHI4867,cummeratab823,lakins689,Thu Jul 11 17:38:58 EDT 2013,Twitter
KGEJ7470,johnstond817,klingm672,Sat Jun 20 07:13:21 EDT 2015,Instagram
AMAN2305,botsfordr127,bergep212,Mon Jul 11 03:14:15 EDT 2016,Instagram
TTEQ8253,starkt363,bartolettir839,Sun Jun 26 08:03:25 EDT 2016,WhatsApp
LSJA8002,jacobir289,kassulked891,Mon May 16 19:25:27 EDT 2016,Discord
BJYQ2995,wehnerd405,howet631,Fri Nov 26 21:39:54 EST 2021,Facebook
AHLA5242,bayerm154,hueld517,Sun Dec 18 22:24:39 EST 2016,WeChat
OPTW3279,jaskolskie152,gleichnerw604,Mon Sep 26 15:50:29 EDT 2016,Twitch
ATBW4023,weissnatn173,hanet830,Sat May 06 02:12:33 EDT 2023,Telegram
IMZL5129,kleina832,stracker910,Thu Mar 30 20:58:59 EDT 2023,WhatsApp
ZAQW8754,rowec806,pagach216,Mon Jul 18 21:06:22 EDT 2022,Snapchat
QIGU5810,braunn855,watsicaf787,Sat Jul 22 00:22:14 EDT 2017,Discord
WUTX1591,kihnc793,quigleyi218,Fri Feb 23 08:06:38 EST 2018,Telegram
LASG2511,carrollk772,williamsonk777,Mon Feb 01 11:17:33 EST 2016,Snapchat
VIVK3388,stiedemannc453,schusterw464,Mon Jan 14 22:41:03 EST 2019,Twitch
EUTL1648,larsonb137,powlowskis78,Wed May 30 00:02:34 EDT 2018,Telegram
QJGD5639,krajcikc599,wunschl450,Mon Mar 22 15:00:22 EDT 2021,Snapchat
RXDE2823,zulaufi247,watersp455,Thu Feb 11 11:22:06 EST 2016,Instagram
CPOV7037,lubowitzs507,weissnata386,Wed Nov 15 17:51:54 EST 2017,Telegram
YBKN4558,franeckid272,fisherf19,Tue May 02 05:28:22 EDT 2023,TikTok
AOXN0052,leschc526,kassulked891,Fri Nov 25 05:55:50 EST 2022,YouTube
UOAS2090,durganc332,ankundinge834,Mon Sep 27 18:37:54 EDT 2021,WeChat
AJEB2713,williamsona865,daren639,Thu Sep 29 00:42:18 EDT 2022,Instagram
RXIH2725,robertsc676,krisc75,Tue Apr 17 11:46:37 EDT 2018,Twitch
UKHM7120,reicherte294,schroedera600,Fri Jun 30 18:16:08 EDT 2017,Pintrest
OCJC0001,oberbrunnerm754,feeneyt129,Wed Mar 25 15:58:03 EDT 2020,Twitch
LNPK8523,marvina701,wisozkc255,Tue Aug 11 21:34:36 EDT 2020,Pintrest
RJGP4902,buckridgea653,kassulkee698,Wed May 20 09:02:40 EDT 2020,WeChat
URES6580,rohanb38,stoltenbergr357,Wed Aug 17 03:36:26 EDT 2016,Facebook
TDIF1558,hermannc581,kshlerino898,Fri Sep 04 20:57:49 EDT 2020,LinkedIn
KYBS9436,rogahni716,murazikc101,Wed Dec 14 23:41:46 EST 2016,Facebook
VZLE5629,schuppem76,hettingerm450,Wed Oct 19 11:23:38 EDT 2022,Snapchat
VGNQ3003,kiehna896,weissnatk845,Sat Jun 10 03:18:16 EDT 2017,YouTube
WNRL1313,bernhards295,crookse313,Tue May 17 23:07:44 EDT 2022,LinkedIn
ZFJW3496,sawayne348,stoltenbergo295,Fri Mar 18 00:58:39 EDT 2016,WhatsApp
JWTG2006,connellyk565,turnerl738,Sun Dec 18 16:35:09 EST 2016,Instagram
KBSA8979,champlina735,quigleyi218,Sat Jul 01 07:22:05 EDT 2023,Reddit
AZXJ9045,schummk544,raul832,Sun Jan 01 07:31:20 EST 2023,LinkedIn
IZZG6952,beierb436,hands781,Sat May 01 06:41:32 EDT 2021,YouTube
LNKG0405,bruens750,hermannc581,Fri Sep 28 09:01:41 EDT 2018,Telegram
VXBW1977,hanej324,naderm456,Tue Jun 22 12:32:12 EDT 2021,WhatsApp
UFWJ7285,wisozke255,hamilla751,Sat Sep 14 14:02:48 EDT 2019,WhatsApp
BIJE5890,heidenreichs183,weimannr918,Sat Aug 22 00:33:22 EDT 2020,Telegram
QNSP7571,vandervortd321,corkerym545,Mon Feb 13 07:31:44 EST 2023,Discord
XWYH7993,legrosc619,streichl471,Sat May 02 23:17:40 EDT 2015,Instagram
DUIW5986,kunzey235,hermane400,Tue Oct 29 07:25:03 EDT 2019,Pintrest
CMRT4326,beattyj876,gloverj64,Fri Apr 01 08:32:39 EDT 2022,Discord
UKFR8908,pfannerstillt178,steuberg686,Tue Feb 25 21:23:38 EST 2020,Telegram
TKQF3026,bergnaume528,macejkovics263,Wed Mar 30 21:43:25 EDT 2016,Twitch
ENXI5910,borerj365,emardk935,Sun Aug 21 06:22:28 EDT 2016,Reddit
GNUF3651,cartera360,lubowitzs507,Tue Jan 07 02:05:02 EST 2014,Facebook
BKYB1560,rogahnt312,metzj923,Sun Sep 18 15:40:00 EDT 2016,TikTok
QVPV5800,kohlerw951,schummc916,Fri Aug 30 21:17:13 EDT 2013,Twitter
XZGE5001,baumbachr499,trantowl794,Fri May 13 17:34:31 EDT 2022,Telegram
NZNY4203,nienowk740,durganc332,Mon Mar 06 23:40:38 EST 2017,Twitch
JKJQ5614,croninb89,pfannerstillt178,Mon Oct 26 15:23:34 EDT 2015,Pintrest
BJMV5527,bernhardg600,runtea547,Mon May 26 12:03:50 EDT 2014,Instagram
DYER0238,millsc259,cremink342,Thu Dec 26 20:39:29 EST 2013,Instagram
DYBB8242,marvina701,morard842,Fri Dec 09 01:02:17 EST 2016,YouTube
COHK4716,hickled391,connellyj712,Mon Aug 01 21:15:26 EDT 2022,Telegram
MOIO4986,bartolettir839,o'haraw614,Mon Nov 18 21:43:00 EST 2013,Facebook
FLUV1608,corkerye552,wisokym684,Thu Jan 10 05:55:49 EST 2019,Instagram
RUHE9156,smithaml119,mertzm381,Tue Aug 28 15:06:17 EDT 2018,Telegram
KHVN1294,d'amorej743,bogisicha197,Fri Jan 24 20:21:14 EST 2014,Twitter
ERFH4184,parkerd129,heidenreichs183,Sat Apr 23 05:54:18 EDT 2016,Facebook