USERNAME,FIRST_NAME,LAST_NAME
deckowm286,Maranda,Deckow
leschc585,Carlo,Lesch
heathcoteo101,Orville,Heathcote
dickinsonm428,Myron,Dickinson
jenkinsn976,Nickolas,Jenkins
hodkiewiczp322,Phil,Hodkiewicz
morissettem888,Mike,Morissette
mcdermotte841,Erin,McDermott
mayertj513,Jared,Mayert
hanes235,Shamika,Hane
farrellw646,Williemae,Farrell
emmerichk347,Kris,Emmerich
hintzt106,Ty,Hintz
schinnern444,Na,Schinner
hilpertl780,Lanny,Hilpert
kautzeri317,Indira,Kautzer
mcclurem865,Madelaine,McClure
hegmannl600,Lashawna,Hegmann
altenwerthc612,Carolee,Altenwerth
wolfv131,Vida,Wolf
effertze684,Emery,Effertz
markss903,Sabina,Marks
lynchd312,Dale,Lynch
champlinm869,Melisa,Champlin
lockmant194,Tamara,Lockman
colea637,Ayanna,Cole
townew873,Willy,Towne
christiansenv715,Viviana,Christiansen
larkine839,Edyth,Larkin
schimmelf684,Fredrick,Schimmel
ferrye879,Eugenio,Ferry
raynori795,Irwin,Raynor
bruena454,Amee,Bruen
quigleyl783,Lane,Quigley
stromanm651,Marcus,Stroman
rolfsons198,Samual,Rolfson
wildermana439,Alfredo,Wilderman
terryw328,Weston,Terry
pacochat654,Tarah,Pacocha
jenkinsa362,Armandina,Jenkins
rogahnn17,Norris,Rogahn
hagenesj693,Jesusa,Hagenes
fisherb447,Bruno,Fisher
kilbackb101,Blair,Kilback
purdyj178,Jamal,Purdy
goodwina293,Arcelia,Goodwin
rohanj204,Jacelyn,Rohan
fritschj178,Jeanne,Fritsch
ankundingl809,Luise,Ankunding
o'haram13,Melissa,O'Hara
littela413,Angla,Littel
strackee752,Ernesto,Stracke
abshires477,Sydney,Abshire
botsfordm289,Mariel,Botsford
hoegerm184,Mack,Hoeger
willl637,Lizabeth,Will
pfeffery857,Yoko,Pfeffer
russeld269,Domingo,Russel
larkinm192,Marcos,Larkin
harrisk750,Kimberley,Harris
townei520,Ivy,Towne
feilh845,Hien,Feil
croninl330,Lucien,Cronin
douglast589,Trinidad,Douglas
considinem743,Milford,Considine
grimess10,Stephenie,Grimes
carrollg809,Gertie,Carroll
ortizj49,Joey,Ortiz
moenj40,Jarrett,Moen
starkg583,Gustavo,Stark
cronat370,Terrilyn,Crona
rippinm314,Mason,Rippin
zemlakn704,Noelia,Zemlak
rueckerc596,Cyril,Ruecker
grantl747,Louie,Grant
lehnerb72,Buck,Lehner
schummh248,Hildegard,Schumm
johnsr441,Rocky,Johns
bogisichw229,Winston,Bogisich
cronay809,Yen,Crona
greenl386,Leigh,Green
maggiod828,Daniela,Maggio
lango595,Oswaldo,Lang
dickensk248,Kevin,Dickens
stoltenbergm893,Martine,Stoltenberg
beckerr703,Rosalie,Becker
kshlerinj868,Joey,Kshlerin
schillerb694,Brett,Schiller
bruenm310,Michelina,Bruen
welchj930,Jefferey,Welch
parisianb798,Benedict,Parisian
friesenm543,Marissa,Friesen
zboncakd415,Delmer,Zboncak
boyere811,Erna,Boyer
cruickshankb27,Beatriz,Cruickshank
lubowitzy819,Yi,Lubowitz
rempelj939,Juliann,Rempel
gusikowskij633,Janessa,Gusikowski
schuppes833,Sylvia,Schuppe
hammesj646,Jayson,Hammes
bergnaumm536,Maritza,Bergnaum
rutherfords591,Saul,Rutherford
deckowf795,Filomena,Deckow
leannons884,Samuel,Leannon
dibbertj188,Jonie,Dibbert
mertzk760,Kurt,Mertz
herzogs495,Sueann,Herzog
ricek76,Kasey,Rice
wunschj132,Johana,Wunsch
jakubowskik241,Kaitlyn,Jakubowski
volkmank362,Kerri,Volkman
stokesf775,Florentino,Stokes
berniert523,Tennie,Bernier
bayers7,Sharleen,Bayer
wuckertj474,Junior,Wuckert
mayerte584,Elisha,Mayert
harveyf287,Felipa,Harvey
harrisl433,Lupe,Harris
cronins773,Sammy,Cronin
hellere19,Eddie,Heller
naderc232,Carter,Nader
jerdeg582,Glenn,Jerde
skilesq68,Quentin,Skiles
macgyvera264,Amado,MacGyver
barrowsb384,Briana,Barrows
schmelerc64,Carmen,Schmeler
hackettc382,Carrol,Hackett
kertzmannr455,Randolph,Kertzmann
tremblayg372,Gail,Tremblay
strackew160,Willian,Stracke
framil810,Lonny,Frami
harrisg187,Granville,Harris
howellj520,Josh,Howell
stantonm780,Mohammad,Stanton
hesselh727,Humberto,Hessel
kohlerh901,Honey,Kohler
naderr121,Randi,Nader
morissettep384,Pansy,Morissette
wardv492,Valentine,Ward
williamsonl898,Lynwood,Williamson
mcclureh378,Henriette,McClure
kreigere770,Emil,Kreiger
waelchim966,Mark,Waelchi
herzogl323,Luise,Herzog
kundeh28,Hollie,Kunde
pourosh894,Hunter,Pouros
pacochac783,Caroyln,Pacocha
gutkowskij917,Jodie,Gutkowski
lemkeh206,Hans,Lemke
dibbertd623,Darleen,Dibbert
bayerj447,Josh,Bayer
gradya892,Asa,Grady
conroyg754,Glennie,Conroy
o'reillyv695,Vincent,O'Reilly
lemkes210,Shannon,Lemke
rogahny393,Yun,Rogahn
sanfordl489,Loyd,Sanford
brakusj428,Jefferey,Brakus
fisherl68,Lavon,Fisher
greenfelderg113,Gwyneth,Greenfelder
lakins311,Scarlet,Lakin
ullrichl274,Linwood,Ullrich
gulgowskim619,Mamie,Gulgowski
beahane248,Emmie,Beahan
fayh623,Hai,Fay
parisiani454,Inocencia,Parisian
schmittc604,Charlyn,Schmitt
runtem448,Miguel,Runte
marvink195,Kai,Marvin
hayesc140,Chauncey,Hayes
mannd345,Donna,Mann
rodriguezc503,Christian,Rodriguez
kerlukes793,Synthia,Kerluke
bruenf126,Frederic,Bruen
klockoh531,Holly,Klocko
harveyr411,Ray,Harvey
runtew757,Walter,Runte
jerdeo493,Odis,Jerde
leannonp615,Prince,Leannon
stantonv395,Veda,Stanton
robelv72,Vikki,Robel
spencers40,Susie,Spencer
murphyj895,Jannie,Murphy
schowaltera14,Ali,Schowalter
keelingk22,Kristine,Keeling
o'connert736,Thomasine,O'Conner
stromand721,Dean,Stroman
stammn341,Neta,Stamm
pollichm110,Marco,Pollich
langc519,Candyce,Lang
denesiks357,Sixta,Denesik
russelm854,Maria,Russel
bogane866,Eula,Bogan
cormiers293,Soon,Cormier
littleh697,Harvey,Little
littleg368,Gema,Little
nitzscheg925,Gennie,Nitzsche
robertsf701,Francisco,Roberts
bruenm633,Maude,Bruen
dickensr380,Randal,Dickens
hayesm58,Miki,Hayes
pfannerstilll838,Lauri,Pfannerstill
cremind559,Dwight,Cremin
dachg423,Glenda,Dach
kovacekc727,Cecilia,Kovacek
ondrickac108,Clarice,Ondricka
sporerd111,Daryl,Sporer
naders253,Steven,Nader
vont195,Tracey,Von
rennerl939,Lucio,Renner
westw644,Wilburn,West
oberbrunnerb49,Bibi,Oberbrunner
cristb24,Bill,Crist
conroyg673,Gracie,Conroy
ullrichc53,Caroyln,Ullrich
lednerb692,Boyce,Ledner
klingr556,Rob,Kling
reingerk768,Kareem,Reinger
kassulkec209,Cassaundra,Kassulke
marvinf818,Fidel,Marvin
blockc324,Carl,Block
herzogj527,Julie,Herzog
breitenbergc528,Cesar,Breitenberg
gottliebl413,Leigh,Gottlieb
johnss789,Susy,Johns
beckerm758,Marian,Becker
fritschd601,Dominique,Fritsch
bodem101,Marcellus,Bode
murrayb2,Briana,Murray
crooksa702,Alphonso,Crooks
reynoldsc438,Carlos,Reynolds
langm194,Mireya,Lang
deckowa685,Abe,Deckow
danielr620,Roland,Daniel
schadent274,Thomas,Schaden
strosina907,Alpha,Strosin
hagenesb647,Bell,Hagenes
konopelskij39,Jerold,Konopelski
emardc127,Crystal,Emard
runolfssonn805,Nilda,Runolfsson
rempelg30,Genesis,Rempel
welchp458,Pasquale,Welch
hickleh291,Hoyt,Hickle
o'connerr806,Raguel,O'Conner
jacobsn22,Nora,Jacobs
hermannf208,Franklyn,Hermann
rosenbaumg468,Gus,Rosenbaum
nienowk641,Kelly,Nienow
kleint65,Treasa,Klein
predovicf607,Frankie,Predovic
lindgrenc245,Cleotilde,Lindgren
marksl62,Lissette,Marks
nitzschea396,Anisha,Nitzsche
schneiderz316,Zane,Schneider
rohanm260,Maria,Rohan
rauj249,Jude,Rau